[2026-08-01 21:33:55.736] [app-8d64] [[0;32mINFO[0m] [[1;34mCORE[0m]    TaskPool initialised: 8 task threads (16 logical cores)
[2026-08-01 21:33:55.744] [app-8d64] [[0;32mINFO[0m] [[1;34mCORE[0m]    Command-line parsing complete
[2026-08-01 21:33:55.744] [app-8d64] [[0;32mINFO[0m] [[1;34mCORE[0m]      user_dir:  C:\Users\mail\AppData\Roaming\CWR/
[2026-08-01 21:33:55.744] [app-8d64] [[0;32mINFO[0m] [[1;34mCORE[0m]      user_content_dir: C:\Users\mail\OneDrive\Documents\Cold War Assault/
[2026-08-01 21:33:55.744] [app-8d64] [[0;32mINFO[0m] [[1;34mCORE[0m]      cache_dir: C:\Users\mail\AppData\Local\CWR/
[2026-08-01 21:33:55.745] [app-8d64] [[0;32mINFO[0m] [[1;34mCORE[0m]      temp_dir:  C:\Users\mail\AppData\Local\Temp\cwr/
[2026-08-01 21:33:55.745] [app-8d64] [[0;32mINFO[0m] [[1;34mCORE[0m]    Game starting: version 3.01-513430a
[2026-08-01 21:33:55.745] [app-8d64] [[0;32mINFO[0m] [[0;33mCONFIG[0m]  Initializing configuration system...
[2026-08-01 21:33:55.745] [app-8d64] [[0;36mDBUG[0m] [[0;33mCONFIG[0m]  Configuration loaded: 14 settings total
[2026-08-01 21:33:55.745] [app-8d64] [[0;32mINFO[0m] [[0;33mCONFIG[0m]  Configuration system ready
[2026-08-01 21:33:55.745] [app-8d64] [[0;32mINFO[0m] [[0;33mCONFIG[0m]  Initializing game configuration (language, stringtables, config files)...
[2026-08-01 21:33:55.745] [app-8d64] [[0;32mINFO[0m] [[0;33mCONFIG[0m]    Language: English
[2026-08-01 21:33:55.745] [app-8d64] [[0;36mDBUG[0m] [[1;34mCORE[0m]      -> Checking base directory: ''
[2026-08-01 21:33:55.872] [app-8d64] [[0;36mDBUG[0m] [[1;34mCORE[0m]      -> Checking base directory: ''
[2026-08-01 21:33:55.872] [app-8d64] [[0;36mDBUG[0m] [[1;34mCORE[0m]      -> Checking base directory: ''
[2026-08-01 21:33:56.012] [app-8d64] [[1;33mWARN[0m] [[1;34mCORE[0m]    [i18n] key 'STR_CANCEL_MENU' not found in stringtable; callers will get empty string
[2026-08-01 21:33:56.012] [app-8d64] [[1;33mWARN[0m] [[1;34mCORE[0m]    [i18n] key 'STR_RADIO_UNASSIGNED' not found in stringtable; callers will get empty string
[2026-08-01 21:33:56.013] [app-8d64] [[1;33mWARN[0m] [[1;34mCORE[0m]    [i18n] key 'STR_SDL_SCANCODE_ESCAPE' not found in stringtable; callers will get empty string
[2026-08-01 21:33:56.013] [app-8d64] [[1;33mWARN[0m] [[1;34mCORE[0m]    [i18n] key 'STR_SDL_SCANCODE_1' not found in stringtable; callers will get empty string
[2026-08-01 21:33:56.014] [app-8d64] [[1;33mWARN[0m] [[1;34mCORE[0m]    [i18n] key 'STR_SDL_SCANCODE_2' not found in stringtable; callers will get empty string
[2026-08-01 21:33:56.014] [app-8d64] [[1;33mWARN[0m] [[1;34mCORE[0m]    [i18n] key 'STR_SDL_SCANCODE_3' not found in stringtable; callers will get empty string
[2026-08-01 21:33:56.014] [app-8d64] [[1;33mWARN[0m] [[1;34mCORE[0m]    [i18n] key 'STR_SDL_SCANCODE_4' not found in stringtable; callers will get empty string
[2026-08-01 21:33:56.014] [app-8d64] [[1;33mWARN[0m] [[1;34mCORE[0m]    [i18n] key 'STR_SDL_SCANCODE_5' not found in stringtable; callers will get empty string
[2026-08-01 21:33:56.014] [app-8d64] [[1;33mWARN[0m] [[1;34mCORE[0m]    [i18n] key 'STR_SDL_SCANCODE_6' not found in stringtable; callers will get empty string
[2026-08-01 21:33:56.014] [app-8d64] [[1;33mWARN[0m] [[1;34mCORE[0m]    [i18n] key 'STR_SDL_SCANCODE_7' not found in stringtable; callers will get empty string
[2026-08-01 21:33:56.014] [app-8d64] [[1;33mWARN[0m] [[1;34mCORE[0m]    [i18n] key 'STR_SDL_SCANCODE_8' not found in stringtable; callers will get empty string
[2026-08-01 21:33:56.014] [app-8d64] [[1;33mWARN[0m] [[1;34mCORE[0m]    [i18n] key 'STR_SDL_SCANCODE_9' not found in stringtable; callers will get empty string
[2026-08-01 21:33:56.014] [app-8d64] [[1;33mWARN[0m] [[1;34mCORE[0m]    [i18n] key 'STR_SDL_SCANCODE_0' not found in stringtable; callers will get empty string
[2026-08-01 21:33:56.014] [app-8d64] [[1;33mWARN[0m] [[1;34mCORE[0m]    [i18n] key 'STR_SDL_SCANCODE_MINUS' not found in stringtable; callers will get empty string
[2026-08-01 21:33:56.014] [app-8d64] [[1;33mWARN[0m] [[1;34mCORE[0m]    [i18n] key 'STR_SDL_SCANCODE_EQUALS' not found in stringtable; callers will get empty string
[2026-08-01 21:33:56.014] [app-8d64] [[1;33mWARN[0m] [[1;34mCORE[0m]    [i18n] key 'STR_SDL_SCANCODE_BACKSPACE' not found in stringtable; callers will get empty string
[2026-08-01 21:33:56.014] [app-8d64] [[1;33mWARN[0m] [[1;34mCORE[0m]    [i18n] key 'STR_SDL_SCANCODE_TAB' not found in stringtable; callers will get empty string
[2026-08-01 21:33:56.014] [app-8d64] [[1;33mWARN[0m] [[1;34mCORE[0m]    [i18n] key 'STR_SDL_SCANCODE_Q' not found in stringtable; callers will get empty string
[2026-08-01 21:33:56.015] [app-8d64] [[1;33mWARN[0m] [[1;34mCORE[0m]    [i18n] key 'STR_SDL_SCANCODE_W' not found in stringtable; callers will get empty string
[2026-08-01 21:33:56.015] [app-8d64] [[1;33mWARN[0m] [[1;34mCORE[0m]    [i18n] key 'STR_SDL_SCANCODE_E' not found in stringtable; callers will get empty string
[2026-08-01 21:33:56.015] [app-8d64] [[1;33mWARN[0m] [[1;34mCORE[0m]    [i18n] key 'STR_SDL_SCANCODE_R' not found in stringtable; callers will get empty string
[2026-08-01 21:33:56.015] [app-8d64] [[1;33mWARN[0m] [[1;34mCORE[0m]    [i18n] key 'STR_SDL_SCANCODE_T' not found in stringtable; callers will get empty string
[2026-08-01 21:33:56.015] [app-8d64] [[1;33mWARN[0m] [[1;34mCORE[0m]    [i18n] key 'STR_SDL_SCANCODE_Y' not found in stringtable; callers will get empty string
[2026-08-01 21:33:56.015] [app-8d64] [[1;33mWARN[0m] [[1;34mCORE[0m]    [i18n] key 'STR_SDL_SCANCODE_U' not found in stringtable; callers will get empty string
[2026-08-01 21:33:56.015] [app-8d64] [[1;33mWARN[0m] [[1;34mCORE[0m]    [i18n] key 'STR_SDL_SCANCODE_I' not found in stringtable; callers will get empty string
[2026-08-01 21:33:56.015] [app-8d64] [[1;33mWARN[0m] [[1;34mCORE[0m]    [i18n] key 'STR_SDL_SCANCODE_O' not found in stringtable; callers will get empty string
[2026-08-01 21:33:56.015] [app-8d64] [[1;33mWARN[0m] [[1;34mCORE[0m]    [i18n] key 'STR_SDL_SCANCODE_P' not found in stringtable; callers will get empty string
[2026-08-01 21:33:56.015] [app-8d64] [[1;33mWARN[0m] [[1;34mCORE[0m]    [i18n] key 'STR_SDL_SCANCODE_LEFTBRACKET' not found in stringtable; callers will get empty string
[2026-08-01 21:33:56.016] [app-8d64] [[1;33mWARN[0m] [[1;34mCORE[0m]    [i18n] key 'STR_SDL_SCANCODE_RIGHTBRACKET' not found in stringtable; callers will get empty string
[2026-08-01 21:33:56.016] [app-8d64] [[1;33mWARN[0m] [[1;34mCORE[0m]    [i18n] key 'STR_SDL_SCANCODE_RETURN' not found in stringtable; callers will get empty string
[2026-08-01 21:33:56.016] [app-8d64] [[1;33mWARN[0m] [[1;34mCORE[0m]    [i18n] key 'STR_SDL_SCANCODE_LCTRL' not found in stringtable; callers will get empty string
[2026-08-01 21:33:56.016] [app-8d64] [[1;33mWARN[0m] [[1;34mCORE[0m]    [i18n] key 'STR_SDL_SCANCODE_A' not found in stringtable; callers will get empty string
[2026-08-01 21:33:56.016] [app-8d64] [[1;33mWARN[0m] [[1;34mCORE[0m]    [i18n] key 'STR_SDL_SCANCODE_S' not found in stringtable; callers will get empty string
[2026-08-01 21:33:56.016] [app-8d64] [[1;33mWARN[0m] [[1;34mCORE[0m]    [i18n] key 'STR_SDL_SCANCODE_D' not found in stringtable; callers will get empty string
[2026-08-01 21:33:56.016] [app-8d64] [[1;33mWARN[0m] [[1;34mCORE[0m]    [i18n] key 'STR_SDL_SCANCODE_F' not found in stringtable; callers will get empty string
[2026-08-01 21:33:56.016] [app-8d64] [[1;33mWARN[0m] [[1;34mCORE[0m]    [i18n] key 'STR_SDL_SCANCODE_G' not found in stringtable; callers will get empty string
[2026-08-01 21:33:56.016] [app-8d64] [[1;33mWARN[0m] [[1;34mCORE[0m]    [i18n] key 'STR_SDL_SCANCODE_H' not found in stringtable; callers will get empty string
[2026-08-01 21:33:56.016] [app-8d64] [[1;33mWARN[0m] [[1;34mCORE[0m]    [i18n] key 'STR_SDL_SCANCODE_J' not found in stringtable; callers will get empty string
[2026-08-01 21:33:56.016] [app-8d64] [[1;33mWARN[0m] [[1;34mCORE[0m]    [i18n] key 'STR_SDL_SCANCODE_K' not found in stringtable; callers will get empty string
[2026-08-01 21:33:56.016] [app-8d64] [[1;33mWARN[0m] [[1;34mCORE[0m]    [i18n] key 'STR_SDL_SCANCODE_L' not found in stringtable; callers will get empty string
[2026-08-01 21:33:56.016] [app-8d64] [[1;33mWARN[0m] [[1;34mCORE[0m]    [i18n] key 'STR_SDL_SCANCODE_SEMICOLON' not found in stringtable; callers will get empty string
[2026-08-01 21:33:56.016] [app-8d64] [[1;33mWARN[0m] [[1;34mCORE[0m]    [i18n] key 'STR_SDL_SCANCODE_APOSTROPHE' not found in stringtable; callers will get empty string
[2026-08-01 21:33:56.016] [app-8d64] [[1;33mWARN[0m] [[1;34mCORE[0m]    [i18n] key 'STR_SDL_SCANCODE_GRAVE' not found in stringtable; callers will get empty string
[2026-08-01 21:33:56.016] [app-8d64] [[1;33mWARN[0m] [[1;34mCORE[0m]    [i18n] key 'STR_SDL_SCANCODE_LSHIFT' not found in stringtable; callers will get empty string
[2026-08-01 21:33:56.016] [app-8d64] [[1;33mWARN[0m] [[1;34mCORE[0m]    [i18n] key 'STR_SDL_SCANCODE_BACKSLASH' not found in stringtable; callers will get empty string
[2026-08-01 21:33:56.016] [app-8d64] [[1;33mWARN[0m] [[1;34mCORE[0m]    [i18n] key 'STR_SDL_SCANCODE_Z' not found in stringtable; callers will get empty string
[2026-08-01 21:33:56.016] [app-8d64] [[1;33mWARN[0m] [[1;34mCORE[0m]    [i18n] key 'STR_SDL_SCANCODE_X' not found in stringtable; callers will get empty string
[2026-08-01 21:33:56.017] [app-8d64] [[1;33mWARN[0m] [[1;34mCORE[0m]    [i18n] key 'STR_SDL_SCANCODE_C' not found in stringtable; callers will get empty string
[2026-08-01 21:33:56.017] [app-8d64] [[1;33mWARN[0m] [[1;34mCORE[0m]    [i18n] key 'STR_SDL_SCANCODE_V' not found in stringtable; callers will get empty string
[2026-08-01 21:33:56.017] [app-8d64] [[1;33mWARN[0m] [[1;34mCORE[0m]    [i18n] key 'STR_SDL_SCANCODE_B' not found in stringtable; callers will get empty string
[2026-08-01 21:33:56.017] [app-8d64] [[1;33mWARN[0m] [[1;34mCORE[0m]    [i18n] key 'STR_SDL_SCANCODE_N' not found in stringtable; callers will get empty string
[2026-08-01 21:33:56.017] [app-8d64] [[1;33mWARN[0m] [[1;34mCORE[0m]    [i18n] key 'STR_SDL_SCANCODE_M' not found in stringtable; callers will get empty string
[2026-08-01 21:33:56.017] [app-8d64] [[1;33mWARN[0m] [[1;34mCORE[0m]    [i18n] key 'STR_SDL_SCANCODE_COMMA' not found in stringtable; callers will get empty string
[2026-08-01 21:33:56.017] [app-8d64] [[1;33mWARN[0m] [[1;34mCORE[0m]    [i18n] key 'STR_SDL_SCANCODE_PERIOD' not found in stringtable; callers will get empty string
[2026-08-01 21:33:56.017] [app-8d64] [[1;33mWARN[0m] [[1;34mCORE[0m]    [i18n] key 'STR_SDL_SCANCODE_SLASH' not found in stringtable; callers will get empty string
[2026-08-01 21:33:56.017] [app-8d64] [[1;33mWARN[0m] [[1;34mCORE[0m]    [i18n] key 'STR_SDL_SCANCODE_RSHIFT' not found in stringtable; callers will get empty string
[2026-08-01 21:33:56.017] [app-8d64] [[1;33mWARN[0m] [[1;34mCORE[0m]    [i18n] key 'STR_SDL_SCANCODE_KP_MULTIPLY' not found in stringtable; callers will get empty string
[2026-08-01 21:33:56.017] [app-8d64] [[1;33mWARN[0m] [[1;34mCORE[0m]    [i18n] key 'STR_SDL_SCANCODE_LALT' not found in stringtable; callers will get empty string
[2026-08-01 21:33:56.017] [app-8d64] [[1;33mWARN[0m] [[1;34mCORE[0m]    [i18n] key 'STR_SDL_SCANCODE_SPACE' not found in stringtable; callers will get empty string
[2026-08-01 21:33:56.017] [app-8d64] [[1;33mWARN[0m] [[1;34mCORE[0m]    [i18n] key 'STR_SDL_SCANCODE_CAPSLOCK' not found in stringtable; callers will get empty string
[2026-08-01 21:33:56.017] [app-8d64] [[1;33mWARN[0m] [[1;34mCORE[0m]    [i18n] key 'STR_SDL_SCANCODE_F1' not found in stringtable; callers will get empty string
[2026-08-01 21:33:56.017] [app-8d64] [[1;33mWARN[0m] [[1;34mCORE[0m]    [i18n] key 'STR_SDL_SCANCODE_F2' not found in stringtable; callers will get empty string
[2026-08-01 21:33:56.017] [app-8d64] [[1;33mWARN[0m] [[1;34mCORE[0m]    [i18n] key 'STR_SDL_SCANCODE_F3' not found in stringtable; callers will get empty string
[2026-08-01 21:33:56.017] [app-8d64] [[1;33mWARN[0m] [[1;34mCORE[0m]    [i18n] key 'STR_SDL_SCANCODE_F4' not found in stringtable; callers will get empty string
[2026-08-01 21:33:56.017] [app-8d64] [[1;33mWARN[0m] [[1;34mCORE[0m]    [i18n] key 'STR_SDL_SCANCODE_F5' not found in stringtable; callers will get empty string
[2026-08-01 21:33:56.017] [app-8d64] [[1;33mWARN[0m] [[1;34mCORE[0m]    [i18n] key 'STR_SDL_SCANCODE_F6' not found in stringtable; callers will get empty string
[2026-08-01 21:33:56.018] [app-8d64] [[1;33mWARN[0m] [[1;34mCORE[0m]    [i18n] key 'STR_SDL_SCANCODE_F7' not found in stringtable; callers will get empty string
[2026-08-01 21:33:56.018] [app-8d64] [[1;33mWARN[0m] [[1;34mCORE[0m]    [i18n] key 'STR_SDL_SCANCODE_F8' not found in stringtable; callers will get empty string
[2026-08-01 21:33:56.018] [app-8d64] [[1;33mWARN[0m] [[1;34mCORE[0m]    [i18n] key 'STR_SDL_SCANCODE_F9' not found in stringtable; callers will get empty string
[2026-08-01 21:33:56.018] [app-8d64] [[1;33mWARN[0m] [[1;34mCORE[0m]    [i18n] key 'STR_SDL_SCANCODE_F10' not found in stringtable; callers will get empty string
[2026-08-01 21:33:56.018] [app-8d64] [[1;33mWARN[0m] [[1;34mCORE[0m]    [i18n] key 'STR_SDL_SCANCODE_NUMLOCKCLEAR' not found in stringtable; callers will get empty string
[2026-08-01 21:33:56.018] [app-8d64] [[1;33mWARN[0m] [[1;34mCORE[0m]    [i18n] key 'STR_SDL_SCANCODE_SCROLLLOCK' not found in stringtable; callers will get empty string
[2026-08-01 21:33:56.018] [app-8d64] [[1;33mWARN[0m] [[1;34mCORE[0m]    [i18n] key 'STR_SDL_SCANCODE_KP_7' not found in stringtable; callers will get empty string
[2026-08-01 21:33:56.018] [app-8d64] [[1;33mWARN[0m] [[1;34mCORE[0m]    [i18n] key 'STR_SDL_SCANCODE_KP_8' not found in stringtable; callers will get empty string
[2026-08-01 21:33:56.018] [app-8d64] [[1;33mWARN[0m] [[1;34mCORE[0m]    [i18n] key 'STR_SDL_SCANCODE_KP_9' not found in stringtable; callers will get empty string
[2026-08-01 21:33:56.018] [app-8d64] [[1;33mWARN[0m] [[1;34mCORE[0m]    [i18n] key 'STR_SDL_SCANCODE_KP_MINUS' not found in stringtable; callers will get empty string
[2026-08-01 21:33:56.018] [app-8d64] [[1;33mWARN[0m] [[1;34mCORE[0m]    [i18n] key 'STR_SDL_SCANCODE_KP_4' not found in stringtable; callers will get empty string
[2026-08-01 21:33:56.018] [app-8d64] [[1;33mWARN[0m] [[1;34mCORE[0m]    [i18n] key 'STR_SDL_SCANCODE_KP_5' not found in stringtable; callers will get empty string
[2026-08-01 21:33:56.018] [app-8d64] [[1;33mWARN[0m] [[1;34mCORE[0m]    [i18n] key 'STR_SDL_SCANCODE_KP_6' not found in stringtable; callers will get empty string
[2026-08-01 21:33:56.018] [app-8d64] [[1;33mWARN[0m] [[1;34mCORE[0m]    [i18n] key 'STR_SDL_SCANCODE_KP_PLUS' not found in stringtable; callers will get empty string
[2026-08-01 21:33:56.018] [app-8d64] [[1;33mWARN[0m] [[1;34mCORE[0m]    [i18n] key 'STR_SDL_SCANCODE_KP_1' not found in stringtable; callers will get empty string
[2026-08-01 21:33:56.018] [app-8d64] [[1;33mWARN[0m] [[1;34mCORE[0m]    [i18n] key 'STR_SDL_SCANCODE_KP_2' not found in stringtable; callers will get empty string
[2026-08-01 21:33:56.018] [app-8d64] [[1;33mWARN[0m] [[1;34mCORE[0m]    [i18n] key 'STR_SDL_SCANCODE_KP_3' not found in stringtable; callers will get empty string
[2026-08-01 21:33:56.018] [app-8d64] [[1;33mWARN[0m] [[1;34mCORE[0m]    [i18n] key 'STR_SDL_SCANCODE_KP_0' not found in stringtable; callers will get empty string
[2026-08-01 21:33:56.019] [app-8d64] [[1;33mWARN[0m] [[1;34mCORE[0m]    [i18n] key 'STR_SDL_SCANCODE_KP_PERIOD' not found in stringtable; callers will get empty string
[2026-08-01 21:33:56.019] [app-8d64] [[1;33mWARN[0m] [[1;34mCORE[0m]    [i18n] key 'STR_SDL_SCANCODE_NONUSBACKSLASH' not found in stringtable; callers will get empty string
[2026-08-01 21:33:56.019] [app-8d64] [[1;33mWARN[0m] [[1;34mCORE[0m]    [i18n] key 'STR_SDL_SCANCODE_F11' not found in stringtable; callers will get empty string
[2026-08-01 21:33:56.019] [app-8d64] [[1;33mWARN[0m] [[1;34mCORE[0m]    [i18n] key 'STR_SDL_SCANCODE_F12' not found in stringtable; callers will get empty string
[2026-08-01 21:33:56.019] [app-8d64] [[1;33mWARN[0m] [[1;34mCORE[0m]    [i18n] key 'STR_SDL_SCANCODE_F13' not found in stringtable; callers will get empty string
[2026-08-01 21:33:56.019] [app-8d64] [[1;33mWARN[0m] [[1;34mCORE[0m]    [i18n] key 'STR_SDL_SCANCODE_F14' not found in stringtable; callers will get empty string
[2026-08-01 21:33:56.019] [app-8d64] [[1;33mWARN[0m] [[1;34mCORE[0m]    [i18n] key 'STR_SDL_SCANCODE_F15' not found in stringtable; callers will get empty string
[2026-08-01 21:33:56.019] [app-8d64] [[1;33mWARN[0m] [[1;34mCORE[0m]    [i18n] key 'STR_SDL_SCANCODE_INTERNATIONAL2' not found in stringtable; callers will get empty string
[2026-08-01 21:33:56.019] [app-8d64] [[1;33mWARN[0m] [[1;34mCORE[0m]    [i18n] key 'STR_SDL_SCANCODE_INTERNATIONAL6' not found in stringtable; callers will get empty string
[2026-08-01 21:33:56.019] [app-8d64] [[1;33mWARN[0m] [[1;34mCORE[0m]    [i18n] key 'STR_SDL_SCANCODE_INTERNATIONAL4' not found in stringtable; callers will get empty string
[2026-08-01 21:33:56.019] [app-8d64] [[1;33mWARN[0m] [[1;34mCORE[0m]    [i18n] key 'STR_SDL_SCANCODE_INTERNATIONAL5' not found in stringtable; callers will get empty string
[2026-08-01 21:33:56.019] [app-8d64] [[1;33mWARN[0m] [[1;34mCORE[0m]    [i18n] key 'STR_SDL_SCANCODE_INTERNATIONAL3' not found in stringtable; callers will get empty string
[2026-08-01 21:33:56.019] [app-8d64] [[1;33mWARN[0m] [[1;34mCORE[0m]    [i18n] key 'STR_SDL_SCANCODE_INTERNATIONAL7' not found in stringtable; callers will get empty string
[2026-08-01 21:33:56.019] [app-8d64] [[1;33mWARN[0m] [[1;34mCORE[0m]    [i18n] key 'STR_SDL_SCANCODE_KP_EQUALS' not found in stringtable; callers will get empty string
[2026-08-01 21:33:56.019] [app-8d64] [[1;33mWARN[0m] [[1;34mCORE[0m]    [i18n] key 'STR_SDL_SCANCODE_MEDIA_PREVIOUS_TRACK' not found in stringtable; callers will get empty string
[2026-08-01 21:33:56.019] [app-8d64] [[1;33mWARN[0m] [[1;34mCORE[0m]    [i18n] key 'STR_SDL_SCANCODE_INTERNATIONAL8' not found in stringtable; callers will get empty string
[2026-08-01 21:33:56.019] [app-8d64] [[1;33mWARN[0m] [[1;34mCORE[0m]    [i18n] key 'STR_SDL_SCANCODE_INTERNATIONAL9' not found in stringtable; callers will get empty string
[2026-08-01 21:33:56.019] [app-8d64] [[1;33mWARN[0m] [[1;34mCORE[0m]    [i18n] key 'STR_SDL_SCANCODE_LANG3' not found in stringtable; callers will get empty string
[2026-08-01 21:33:56.019] [app-8d64] [[1;33mWARN[0m] [[1;34mCORE[0m]    [i18n] key 'STR_SDL_SCANCODE_LANG2' not found in stringtable; callers will get empty string
[2026-08-01 21:33:56.020] [app-8d64] [[1;33mWARN[0m] [[1;34mCORE[0m]    [i18n] key 'STR_SDL_SCANCODE_STOP' not found in stringtable; callers will get empty string
[2026-08-01 21:33:56.020] [app-8d64] [[1;33mWARN[0m] [[1;34mCORE[0m]    [i18n] key 'STR_SDL_SCANCODE_LANG6' not found in stringtable; callers will get empty string
[2026-08-01 21:33:56.020] [app-8d64] [[1;33mWARN[0m] [[1;34mCORE[0m]    [i18n] key 'STR_SDL_SCANCODE_LANG7' not found in stringtable; callers will get empty string
[2026-08-01 21:33:56.020] [app-8d64] [[1;33mWARN[0m] [[1;34mCORE[0m]    [i18n] key 'STR_SDL_SCANCODE_MEDIA_NEXT_TRACK' not found in stringtable; callers will get empty string
[2026-08-01 21:33:56.020] [app-8d64] [[1;33mWARN[0m] [[1;34mCORE[0m]    [i18n] key 'STR_SDL_SCANCODE_KP_ENTER' not found in stringtable; callers will get empty string
[2026-08-01 21:33:56.020] [app-8d64] [[1;33mWARN[0m] [[1;34mCORE[0m]    [i18n] key 'STR_SDL_SCANCODE_RCTRL' not found in stringtable; callers will get empty string
[2026-08-01 21:33:56.020] [app-8d64] [[1;33mWARN[0m] [[1;34mCORE[0m]    [i18n] key 'STR_SDL_SCANCODE_MUTE' not found in stringtable; callers will get empty string
[2026-08-01 21:33:56.020] [app-8d64] [[1;33mWARN[0m] [[1;34mCORE[0m]    [i18n] key 'STR_SDL_SCANCODE_MEDIA_PLAY_PAUSE' not found in stringtable; callers will get empty string
[2026-08-01 21:33:56.020] [app-8d64] [[1;33mWARN[0m] [[1;34mCORE[0m]    [i18n] key 'STR_SDL_SCANCODE_MEDIA_STOP' not found in stringtable; callers will get empty string
[2026-08-01 21:33:56.020] [app-8d64] [[1;33mWARN[0m] [[1;34mCORE[0m]    [i18n] key 'STR_SDL_SCANCODE_VOLUMEDOWN' not found in stringtable; callers will get empty string
[2026-08-01 21:33:56.020] [app-8d64] [[1;33mWARN[0m] [[1;34mCORE[0m]    [i18n] key 'STR_SDL_SCANCODE_VOLUMEUP' not found in stringtable; callers will get empty string
[2026-08-01 21:33:56.020] [app-8d64] [[1;33mWARN[0m] [[1;34mCORE[0m]    [i18n] key 'STR_SDL_SCANCODE_AC_HOME' not found in stringtable; callers will get empty string
[2026-08-01 21:33:56.020] [app-8d64] [[1;33mWARN[0m] [[1;34mCORE[0m]    [i18n] key 'STR_SDL_SCANCODE_KP_COMMA' not found in stringtable; callers will get empty string
[2026-08-01 21:33:56.020] [app-8d64] [[1;33mWARN[0m] [[1;34mCORE[0m]    [i18n] key 'STR_SDL_SCANCODE_KP_DIVIDE' not found in stringtable; callers will get empty string
[2026-08-01 21:33:56.020] [app-8d64] [[1;33mWARN[0m] [[1;34mCORE[0m]    [i18n] key 'STR_SDL_SCANCODE_PRINTSCREEN' not found in stringtable; callers will get empty string
[2026-08-01 21:33:56.020] [app-8d64] [[1;33mWARN[0m] [[1;34mCORE[0m]    [i18n] key 'STR_SDL_SCANCODE_RALT' not found in stringtable; callers will get empty string
[2026-08-01 21:33:56.020] [app-8d64] [[1;33mWARN[0m] [[1;34mCORE[0m]    [i18n] key 'STR_SDL_SCANCODE_PAUSE' not found in stringtable; callers will get empty string
[2026-08-01 21:33:56.020] [app-8d64] [[1;33mWARN[0m] [[1;34mCORE[0m]    [i18n] key 'STR_SDL_SCANCODE_HOME' not found in stringtable; callers will get empty string
[2026-08-01 21:33:56.020] [app-8d64] [[1;33mWARN[0m] [[1;34mCORE[0m]    [i18n] key 'STR_SDL_SCANCODE_UP' not found in stringtable; callers will get empty string
[2026-08-01 21:33:56.020] [app-8d64] [[1;33mWARN[0m] [[1;34mCORE[0m]    [i18n] key 'STR_SDL_SCANCODE_PAGEUP' not found in stringtable; callers will get empty string
[2026-08-01 21:33:56.020] [app-8d64] [[1;33mWARN[0m] [[1;34mCORE[0m]    [i18n] key 'STR_SDL_SCANCODE_LEFT' not found in stringtable; callers will get empty string
[2026-08-01 21:33:56.021] [app-8d64] [[1;33mWARN[0m] [[1;34mCORE[0m]    [i18n] key 'STR_SDL_SCANCODE_RIGHT' not found in stringtable; callers will get empty string
[2026-08-01 21:33:56.021] [app-8d64] [[1;33mWARN[0m] [[1;34mCORE[0m]    [i18n] key 'STR_SDL_SCANCODE_END' not found in stringtable; callers will get empty string
[2026-08-01 21:33:56.021] [app-8d64] [[1;33mWARN[0m] [[1;34mCORE[0m]    [i18n] key 'STR_SDL_SCANCODE_DOWN' not found in stringtable; callers will get empty string
[2026-08-01 21:33:56.021] [app-8d64] [[1;33mWARN[0m] [[1;34mCORE[0m]    [i18n] key 'STR_SDL_SCANCODE_PAGEDOWN' not found in stringtable; callers will get empty string
[2026-08-01 21:33:56.021] [app-8d64] [[1;33mWARN[0m] [[1;34mCORE[0m]    [i18n] key 'STR_SDL_SCANCODE_INSERT' not found in stringtable; callers will get empty string
[2026-08-01 21:33:56.021] [app-8d64] [[1;33mWARN[0m] [[1;34mCORE[0m]    [i18n] key 'STR_SDL_SCANCODE_DELETE' not found in stringtable; callers will get empty string
[2026-08-01 21:33:56.021] [app-8d64] [[1;33mWARN[0m] [[1;34mCORE[0m]    [i18n] key 'STR_SDL_SCANCODE_LGUI' not found in stringtable; callers will get empty string
[2026-08-01 21:33:56.021] [app-8d64] [[1;33mWARN[0m] [[1;34mCORE[0m]    [i18n] key 'STR_SDL_SCANCODE_RGUI' not found in stringtable; callers will get empty string
[2026-08-01 21:33:56.021] [app-8d64] [[1;33mWARN[0m] [[1;34mCORE[0m]    [i18n] key 'STR_SDL_SCANCODE_APPLICATION' not found in stringtable; callers will get empty string
[2026-08-01 21:33:56.021] [app-8d64] [[1;33mWARN[0m] [[1;34mCORE[0m]    [i18n] key 'STR_SDL_SCANCODE_POWER' not found in stringtable; callers will get empty string
[2026-08-01 21:33:56.021] [app-8d64] [[1;33mWARN[0m] [[1;34mCORE[0m]    [i18n] key 'STR_SDL_SCANCODE_SLEEP' not found in stringtable; callers will get empty string
[2026-08-01 21:33:56.021] [app-8d64] [[1;33mWARN[0m] [[1;34mCORE[0m]    [i18n] key 'STR_SDL_SCANCODE_WAKE' not found in stringtable; callers will get empty string
[2026-08-01 21:33:56.021] [app-8d64] [[1;33mWARN[0m] [[1;34mCORE[0m]    [i18n] key 'STR_SDL_SCANCODE_AC_SEARCH' not found in stringtable; callers will get empty string
[2026-08-01 21:33:56.021] [app-8d64] [[1;33mWARN[0m] [[1;34mCORE[0m]    [i18n] key 'STR_SDL_SCANCODE_AC_BOOKMARKS' not found in stringtable; callers will get empty string
[2026-08-01 21:33:56.021] [app-8d64] [[1;33mWARN[0m] [[1;34mCORE[0m]    [i18n] key 'STR_SDL_SCANCODE_AC_REFRESH' not found in stringtable; callers will get empty string
[2026-08-01 21:33:56.021] [app-8d64] [[1;33mWARN[0m] [[1;34mCORE[0m]    [i18n] key 'STR_SDL_SCANCODE_AC_STOP' not found in stringtable; callers will get empty string
[2026-08-01 21:33:56.021] [app-8d64] [[1;33mWARN[0m] [[1;34mCORE[0m]    [i18n] key 'STR_SDL_SCANCODE_AC_FORWARD' not found in stringtable; callers will get empty string
[2026-08-01 21:33:56.021] [app-8d64] [[1;33mWARN[0m] [[1;34mCORE[0m]    [i18n] key 'STR_SDL_SCANCODE_AC_BACK' not found in stringtable; callers will get empty string
[2026-08-01 21:33:56.021] [app-8d64] [[1;33mWARN[0m] [[1;34mCORE[0m]    [i18n] key 'STR_SDL_SCANCODE_MEDIA_SELECT' not found in stringtable; callers will get empty string
[2026-08-01 21:33:56.021] [app-8d64] [[1;33mWARN[0m] [[1;34mCORE[0m]    [i18n] key 'STR_MP_LOCKED' not found in stringtable; callers will get empty string
[2026-08-01 21:33:56.021] [app-8d64] [[1;33mWARN[0m] [[1;34mCORE[0m]    [i18n] key 'STR_MP_UNLOCKED' not found in stringtable; callers will get empty string
[2026-08-01 21:33:56.024] [app-8d64] [[0;36mDBUG[0m] [[1;34mCORE[0m]      -> Checking base directory: ''
[2026-08-01 21:33:56.024] [app-8d64] [[0;36mDBUG[0m] [[1;34mCORE[0m]      -> Checking base directory: ''
[2026-08-01 21:33:56.078] [app-8d64] [[0;36mDBUG[0m] [[1;34mCORE[0m]      -> Checking base directory: ''
[2026-08-01 21:33:56.078] [app-8d64] [[0;36mDBUG[0m] [[1;34mCORE[0m]      -> Checking base directory: ''
[2026-08-01 21:33:56.079] [app-8d64] [[0;36mDBUG[0m] [[1;34mCORE[0m]      -> Checking base directory: ''
[2026-08-01 21:33:56.079] [app-8d64] [[0;36mDBUG[0m] [[1;34mCORE[0m]      -> Checking base directory: ''
[2026-08-01 21:33:56.079] [app-8d64] [[0;36mDBUG[0m] [[1;34mCORE[0m]      -> Checking base directory: ''
[2026-08-01 21:33:56.079] [app-8d64] [[0;36mDBUG[0m] [[1;34mCORE[0m]      -> Checking base directory: ''
[2026-08-01 21:33:56.079] [app-8d64] [[0;36mDBUG[0m] [[1;34mCORE[0m]      -> Checking base directory: ''
[2026-08-01 21:33:56.097] [app-8d64] [[0;36mDBUG[0m] [[1;34mCORE[0m]      -> Checking base directory: ''
[2026-08-01 21:33:56.098] [app-8d64] [[0;36mDBUG[0m] [[1;34mCORE[0m]    ParamFile::Parse() - Loading config file: C:\Users\mail\AppData\Roaming\CWR\Users\UserInfo.cfg
[2026-08-01 21:33:56.098] [app-8d64] [[0;36mDBUG[0m] [[1;34mCORE[0m]    ParamFile::Parse() - File does not exist: C:\Users\mail\AppData\Roaming\CWR\Users\UserInfo.cfg
[2026-08-01 21:33:56.099] [app-8d64] [[0;32mINFO[0m] [[0;33mCONFIG[0m]  Game configuration initialized successfully
[2026-08-01 21:33:56.099] [app-8d64] [[0;32mINFO[0m] [[0;33mCONFIG[0m]  Game configuration initialized (stringtables, modules, configs loaded)
[2026-08-01 21:33:56.099] [app-8d64] [[0;36mDBUG[0m] [[1;34mCORE[0m]    Open bank %s
[2026-08-01 21:33:56.099] [app-8d64] [[0;36mDBUG[0m] [[1;34mCORE[0m]    Open bank %s
[2026-08-01 21:33:56.100] [app-8d64] [[0;36mDBUG[0m] [[1;34mCORE[0m]    Open bank %s
[2026-08-01 21:33:56.100] [app-8d64] [[0;36mDBUG[0m] [[1;34mCORE[0m]    Open bank %s
[2026-08-01 21:33:56.100] [app-8d64] [[0;36mDBUG[0m] [[1;34mCORE[0m]    Open bank %s
[2026-08-01 21:33:56.100] [app-8d64] [[0;36mDBUG[0m] [[1;34mCORE[0m]    Open bank %s
[2026-08-01 21:33:56.100] [app-8d64] [[0;36mDBUG[0m] [[1;34mCORE[0m]    Open bank %s
[2026-08-01 21:33:56.100] [app-8d64] [[0;36mDBUG[0m] [[1;34mCORE[0m]    Open bank %s
[2026-08-01 21:33:56.100] [app-8d64] [[0;36mDBUG[0m] [[1;34mCORE[0m]    Open bank %s
[2026-08-01 21:33:56.100] [app-8d64] [[0;36mDBUG[0m] [[1;34mCORE[0m]    Open bank %s
[2026-08-01 21:33:56.101] [app-8d64] [[0;36mDBUG[0m] [[1;34mCORE[0m]    Open bank %s
[2026-08-01 21:33:56.101] [app-8d64] [[0;36mDBUG[0m] [[1;34mCORE[0m]    Open bank %s
[2026-08-01 21:33:56.101] [app-8d64] [[0;36mDBUG[0m] [[1;34mCORE[0m]    Open bank %s
[2026-08-01 21:33:56.101] [app-8d64] [[0;36mDBUG[0m] [[1;34mCORE[0m]    Open bank %s
[2026-08-01 21:33:56.101] [app-8d64] [[0;36mDBUG[0m] [[1;34mCORE[0m]    Open bank %s
[2026-08-01 21:33:56.101] [app-8d64] [[0;36mDBUG[0m] [[1;34mCORE[0m]    Open bank %s
[2026-08-01 21:33:56.102] [app-8d64] [[0;36mDBUG[0m] [[1;34mCORE[0m]    Open bank %s
[2026-08-01 21:33:56.102] [app-8d64] [[0;36mDBUG[0m] [[1;34mCORE[0m]      -> Checking base directory: ''
[2026-08-01 21:33:56.103] [app-8d64] [[0;36mDBUG[0m] [[1;34mCORE[0m]      -> Checking base directory: ''
[2026-08-01 21:33:56.103] [app-8d64] [[0;36mDBUG[0m] [[1;34mCORE[0m]    Open bank %s
[2026-08-01 21:33:56.103] [app-8d64] [[0;36mDBUG[0m] [[1;34mCORE[0m]      -> Checking base directory: ''
[2026-08-01 21:33:56.104] [app-8d64] [[0;36mDBUG[0m] [[1;34mCORE[0m]      -> Checking base directory: ''
[2026-08-01 21:33:56.104] [app-8d64] [[0;36mDBUG[0m] [[1;34mCORE[0m]    Open bank %s
[2026-08-01 21:33:56.106] [app-8d64] [[0;36mDBUG[0m] [[1;34mCORE[0m]      -> Checking base directory: ''
[2026-08-01 21:33:56.107] [app-8d64] [[0;36mDBUG[0m] [[1;34mCORE[0m]      -> Checking base directory: ''
[2026-08-01 21:33:56.107] [app-8d64] [[0;36mDBUG[0m] [[1;34mCORE[0m]    Open bank %s
[2026-08-01 21:33:56.110] [app-8d64] [[0;36mDBUG[0m] [[1;34mCORE[0m]      -> Checking base directory: ''
[2026-08-01 21:33:56.111] [app-8d64] [[0;36mDBUG[0m] [[1;34mCORE[0m]      -> Checking base directory: ''
[2026-08-01 21:33:56.112] [app-8d64] [[0;36mDBUG[0m] [[1;34mCORE[0m]    Open bank %s
[2026-08-01 21:33:56.112] [app-8d64] [[0;36mDBUG[0m] [[1;34mCORE[0m]      -> Checking base directory: ''
[2026-08-01 21:33:56.113] [app-8d64] [[0;36mDBUG[0m] [[1;34mCORE[0m]      -> Checking base directory: ''
[2026-08-01 21:33:56.113] [app-8d64] [[0;36mDBUG[0m] [[1;34mCORE[0m]    Open bank %s
[2026-08-01 21:33:56.114] [app-8d64] [[0;36mDBUG[0m] [[1;34mCORE[0m]      -> Checking base directory: ''
[2026-08-01 21:33:56.114] [app-8d64] [[0;36mDBUG[0m] [[1;34mCORE[0m]      -> Checking base directory: ''
[2026-08-01 21:33:56.114] [app-8d64] [[0;36mDBUG[0m] [[1;34mCORE[0m]    Open bank %s
[2026-08-01 21:33:56.116] [app-8d64] [[0;36mDBUG[0m] [[1;34mCORE[0m]      -> Checking base directory: ''
[2026-08-01 21:33:56.116] [app-8d64] [[0;36mDBUG[0m] [[1;34mCORE[0m]      -> Checking base directory: ''
[2026-08-01 21:33:56.116] [app-8d64] [[0;36mDBUG[0m] [[1;34mCORE[0m]    Open bank %s
[2026-08-01 21:33:56.118] [app-8d64] [[0;36mDBUG[0m] [[1;34mCORE[0m]    ParamFile::Parse() - Loading config file: D:\SteamLibrary\steamapps\common\ARMA Cold War Assault\ch47\config.cpp
[2026-08-01 21:33:56.120] [app-8d64] [[0;36mDBUG[0m] [[1;34mCORE[0m]      -> Checking base directory: ''
[2026-08-01 21:33:56.120] [app-8d64] [[0;36mDBUG[0m] [[1;34mCORE[0m]    Open bank %s
[2026-08-01 21:33:56.124] [app-8d64] [[0;36mDBUG[0m] [[1;34mCORE[0m]      -> Checking base directory: ''
[2026-08-01 21:33:56.124] [app-8d64] [[0;36mDBUG[0m] [[1;34mCORE[0m]      -> Checking base directory: ''
[2026-08-01 21:33:56.124] [app-8d64] [[0;36mDBUG[0m] [[1;34mCORE[0m]    Open bank %s
[2026-08-01 21:33:56.125] [app-8d64] [[0;36mDBUG[0m] [[1;34mCORE[0m]      -> Checking base directory: ''
[2026-08-01 21:33:56.125] [app-8d64] [[0;36mDBUG[0m] [[1;34mCORE[0m]      -> Checking base directory: ''
[2026-08-01 21:33:56.126] [app-8d64] [[0;36mDBUG[0m] [[1;34mCORE[0m]    Open bank %s
[2026-08-01 21:33:56.126] [app-8d64] [[0;36mDBUG[0m] [[1;34mCORE[0m]    ParamFile::Parse() - Loading config file: D:\SteamLibrary\steamapps\common\ARMA Cold War Assault\humr\config.cpp
[2026-08-01 21:33:56.127] [app-8d64] [[0;36mDBUG[0m] [[1;34mCORE[0m]      -> Checking base directory: ''
[2026-08-01 21:33:56.127] [app-8d64] [[0;36mDBUG[0m] [[1;34mCORE[0m]    Open bank %s
[2026-08-01 21:33:56.128] [app-8d64] [[0;36mDBUG[0m] [[1;34mCORE[0m]      -> Checking base directory: ''
[2026-08-01 21:33:56.128] [app-8d64] [[0;36mDBUG[0m] [[1;34mCORE[0m]      -> Checking base directory: ''
[2026-08-01 21:33:56.128] [app-8d64] [[0;36mDBUG[0m] [[1;34mCORE[0m]    Open bank %s
[2026-08-01 21:33:56.129] [app-8d64] [[0;36mDBUG[0m] [[1;34mCORE[0m]      -> Checking base directory: ''
[2026-08-01 21:33:56.129] [app-8d64] [[0;36mDBUG[0m] [[1;34mCORE[0m]    Cannot evaluate ReadOnly - no file
[2026-08-01 21:33:56.129] [app-8d64] [[0;36mDBUG[0m] [[1;34mCORE[0m]      -> Checking base directory: ''
[2026-08-01 21:33:56.129] [app-8d64] [[0;36mDBUG[0m] [[1;34mCORE[0m]    Open bank %s
[2026-08-01 21:33:56.130] [app-8d64] [[0;36mDBUG[0m] [[1;34mCORE[0m]    ParamFile::Parse() - Loading config file: D:\SteamLibrary\steamapps\common\ARMA Cold War Assault\kozl\config.cpp
[2026-08-01 21:33:56.131] [app-8d64] [[0;36mDBUG[0m] [[1;34mCORE[0m]      -> Checking base directory: ''
[2026-08-01 21:33:56.131] [app-8d64] [[0;36mDBUG[0m] [[1;34mCORE[0m]    Open bank %s
[2026-08-01 21:33:56.132] [app-8d64] [[0;36mDBUG[0m] [[1;34mCORE[0m]      -> Checking base directory: ''
[2026-08-01 21:33:56.132] [app-8d64] [[0;36mDBUG[0m] [[1;34mCORE[0m]      -> Checking base directory: ''
[2026-08-01 21:33:56.133] [app-8d64] [[0;36mDBUG[0m] [[1;34mCORE[0m]    Open bank %s
[2026-08-01 21:33:56.135] [app-8d64] [[0;36mDBUG[0m] [[1;34mCORE[0m]      -> Checking base directory: ''
[2026-08-01 21:33:56.136] [app-8d64] [[0;36mDBUG[0m] [[1;34mCORE[0m]      -> Checking base directory: ''
[2026-08-01 21:33:56.136] [app-8d64] [[0;36mDBUG[0m] [[1;34mCORE[0m]    Open bank %s
[2026-08-01 21:33:56.138] [app-8d64] [[0;36mDBUG[0m] [[1;34mCORE[0m]      -> Checking base directory: ''
[2026-08-01 21:33:56.138] [app-8d64] [[0;36mDBUG[0m] [[1;34mCORE[0m]      -> Checking base directory: ''
[2026-08-01 21:33:56.138] [app-8d64] [[0;36mDBUG[0m] [[1;34mCORE[0m]    Open bank %s
[2026-08-01 21:33:56.139] [app-8d64] [[0;36mDBUG[0m] [[1;34mCORE[0m]      -> Checking base directory: ''
[2026-08-01 21:33:56.139] [app-8d64] [[0;36mDBUG[0m] [[1;34mCORE[0m]      -> Checking base directory: ''
[2026-08-01 21:33:56.139] [app-8d64] [[0;36mDBUG[0m] [[1;34mCORE[0m]    Open bank %s
[2026-08-01 21:33:56.140] [app-8d64] [[0;36mDBUG[0m] [[1;34mCORE[0m]      -> Checking base directory: ''
[2026-08-01 21:33:56.140] [app-8d64] [[0;36mDBUG[0m] [[1;34mCORE[0m]      -> Checking base directory: ''
[2026-08-01 21:33:56.140] [app-8d64] [[0;36mDBUG[0m] [[1;34mCORE[0m]    Open bank %s
[2026-08-01 21:33:56.193] [app-8d64] [[0;36mDBUG[0m] [[1;34mCORE[0m]      -> Checking base directory: ''
[2026-08-01 21:33:56.210] [app-8d64] [[0;36mDBUG[0m] [[1;34mCORE[0m]      -> Checking base directory: ''
[2026-08-01 21:33:56.215] [app-8d64] [[0;36mDBUG[0m] [[1;34mCORE[0m]    Open bank %s
[2026-08-01 21:33:56.217] [app-8d64] [[0;36mDBUG[0m] [[1;34mCORE[0m]      -> Checking base directory: ''
[2026-08-01 21:33:56.217] [app-8d64] [[0;36mDBUG[0m] [[1;34mCORE[0m]      -> Checking base directory: ''
[2026-08-01 21:33:56.218] [app-8d64] [[0;36mDBUG[0m] [[1;34mCORE[0m]    Open bank %s
[2026-08-01 21:33:56.219] [app-8d64] [[0;36mDBUG[0m] [[1;34mCORE[0m]      -> Checking base directory: ''
[2026-08-01 21:33:56.219] [app-8d64] [[0;36mDBUG[0m] [[1;34mCORE[0m]    Cannot evaluate ReadOnly - no file
[2026-08-01 21:33:56.219] [app-8d64] [[0;36mDBUG[0m] [[1;34mCORE[0m]    Cannot evaluate ReadOnly - no file
[2026-08-01 21:33:56.219] [app-8d64] [[0;36mDBUG[0m] [[1;34mCORE[0m]    Cannot evaluate ReadOnly - no file
[2026-08-01 21:33:56.219] [app-8d64] [[0;36mDBUG[0m] [[1;34mCORE[0m]    Cannot evaluate ReadOnly - no file
[2026-08-01 21:33:56.219] [app-8d64] [[0;36mDBUG[0m] [[1;34mCORE[0m]    Cannot evaluate ReadOnly - no file
[2026-08-01 21:33:56.220] [app-8d64] [[0;36mDBUG[0m] [[1;34mCORE[0m]      -> Checking base directory: ''
[2026-08-01 21:33:56.221] [app-8d64] [[0;36mDBUG[0m] [[1;34mCORE[0m]    Open bank %s
[2026-08-01 21:33:56.222] [app-8d64] [[0;36mDBUG[0m] [[1;34mCORE[0m]      -> Checking base directory: ''
[2026-08-01 21:33:56.222] [app-8d64] [[0;36mDBUG[0m] [[1;34mCORE[0m]      -> Checking base directory: ''
[2026-08-01 21:33:56.223] [app-8d64] [[0;36mDBUG[0m] [[1;34mCORE[0m]    Open bank %s
[2026-08-01 21:33:56.224] [app-8d64] [[0;36mDBUG[0m] [[1;34mCORE[0m]    ParamFile::Parse() - Loading config file: D:\SteamLibrary\steamapps\common\ARMA Cold War Assault\su25\config.cpp
[2026-08-01 21:33:56.225] [app-8d64] [[0;36mDBUG[0m] [[1;34mCORE[0m]      -> Checking base directory: ''
[2026-08-01 21:33:56.225] [app-8d64] [[0;36mDBUG[0m] [[1;34mCORE[0m]    Open bank %s
[2026-08-01 21:33:56.226] [app-8d64] [[0;36mDBUG[0m] [[1;34mCORE[0m]    ParamFile::Parse() - Loading config file: D:\SteamLibrary\steamapps\common\ARMA Cold War Assault\trab\config.cpp
[2026-08-01 21:33:56.227] [app-8d64] [[0;36mDBUG[0m] [[1;34mCORE[0m]      -> Checking base directory: ''
[2026-08-01 21:33:56.228] [app-8d64] [[0;36mDBUG[0m] [[1;34mCORE[0m]    Open bank %s
[2026-08-01 21:33:56.229] [app-8d64] [[0;36mDBUG[0m] [[1;34mCORE[0m]      -> Checking base directory: ''
[2026-08-01 21:33:56.229] [app-8d64] [[0;36mDBUG[0m] [[1;34mCORE[0m]      -> Checking base directory: ''
[2026-08-01 21:33:56.229] [app-8d64] [[0;36mDBUG[0m] [[1;34mCORE[0m]    Open bank %s
[2026-08-01 21:33:56.230] [app-8d64] [[0;36mDBUG[0m] [[1;34mCORE[0m]      -> Checking base directory: ''
[2026-08-01 21:33:56.230] [app-8d64] [[0;36mDBUG[0m] [[1;34mCORE[0m]      -> Checking base directory: ''
[2026-08-01 21:33:56.231] [app-8d64] [[0;36mDBUG[0m] [[1;34mCORE[0m]    Open bank %s
[2026-08-01 21:33:56.231] [app-8d64] [[0;36mDBUG[0m] [[1;34mCORE[0m]    Open bank %s
[2026-08-01 21:33:56.231] [app-8d64] [[0;36mDBUG[0m] [[1;34mCORE[0m]    Parsing addon config '%s' %s
[2026-08-01 21:33:56.231] [app-8d64] [[0;36mDBUG[0m] [[1;34mCORE[0m]    Parsing addon config '%s' %s
[2026-08-01 21:33:56.232] [app-8d64] [[0;36mDBUG[0m] [[1;34mCORE[0m]    Parsing addon config '%s' %s
[2026-08-01 21:33:56.232] [app-8d64] [[0;36mDBUG[0m] [[1;34mCORE[0m]    Parsing addon config '%s' %s
[2026-08-01 21:33:56.232] [app-8d64] [[0;36mDBUG[0m] [[1;34mCORE[0m]    Parsing addon config '%s' %s
[2026-08-01 21:33:56.232] [app-8d64] [[0;36mDBUG[0m] [[1;34mCORE[0m]    Parsing addon config '%s' %s
[2026-08-01 21:33:56.232] [app-8d64] [[0;36mDBUG[0m] [[1;34mCORE[0m]    Parsing addon config '%s' %s
[2026-08-01 21:33:56.233] [app-8d64] [[0;36mDBUG[0m] [[1;34mCORE[0m]    Parsing addon config '%s' %s
[2026-08-01 21:33:56.233] [app-8d64] [[0;36mDBUG[0m] [[1;34mCORE[0m]    Parsing addon config '%s' %s
[2026-08-01 21:33:56.233] [app-8d64] [[0;36mDBUG[0m] [[1;34mCORE[0m]    Parsing addon config '%s' %s
[2026-08-01 21:33:56.233] [app-8d64] [[0;36mDBUG[0m] [[1;34mCORE[0m]    Parsing addon config '%s' %s
[2026-08-01 21:33:56.233] [app-8d64] [[0;36mDBUG[0m] [[1;34mCORE[0m]    Parsing addon config '%s' %s
[2026-08-01 21:33:56.234] [app-8d64] [[0;36mDBUG[0m] [[1;34mCORE[0m]    Parsing addon config '%s' %s
[2026-08-01 21:33:56.234] [app-8d64] [[0;36mDBUG[0m] [[1;34mCORE[0m]    Parsing addon config '%s' %s
[2026-08-01 21:33:56.234] [app-8d64] [[0;36mDBUG[0m] [[1;34mCORE[0m]    Parsing addon config '%s' %s
[2026-08-01 21:33:56.235] [app-8d64] [[0;36mDBUG[0m] [[1;34mCORE[0m]    Parsing addon config '%s' %s
[2026-08-01 21:33:56.235] [app-8d64] [[0;36mDBUG[0m] [[1;34mCORE[0m]    Parsing addon config '%s' %s
[2026-08-01 21:33:56.235] [app-8d64] [[0;36mDBUG[0m] [[1;34mCORE[0m]    Parsing addon config '%s' %s
[2026-08-01 21:33:56.236] [app-8d64] [[0;36mDBUG[0m] [[1;34mCORE[0m]    Parsing addon config '%s' %s
[2026-08-01 21:33:56.257] [app-8d64] [[0;36mDBUG[0m] [[1;34mCORE[0m]    Parsing addon config '%s' %s
[2026-08-01 21:33:56.258] [app-8d64] [[0;36mDBUG[0m] [[1;34mCORE[0m]    Parsing addon config '%s' %s
[2026-08-01 21:33:56.259] [app-8d64] [[0;36mDBUG[0m] [[1;34mCORE[0m]    Parsing addon config '%s' %s
[2026-08-01 21:33:56.259] [app-8d64] [[0;36mDBUG[0m] [[1;34mCORE[0m]    Parsing addon config '%s' %s
[2026-08-01 21:33:56.259] [app-8d64] [[0;36mDBUG[0m] [[1;34mCORE[0m]    Parsing addon config '%s' %s
[2026-08-01 21:33:56.260] [app-8d64] [[0;36mDBUG[0m] [[1;34mCORE[0m]    Parsing addon config '%s' %s
[2026-08-01 21:33:56.260] [app-8d64] [[0;36mDBUG[0m] [[1;34mCORE[0m]    Parsing addon config '%s' %s
[2026-08-01 21:33:56.261] [app-8d64] [[0;36mDBUG[0m] [[1;34mCORE[0m]    Parsing addon config '%s' %s
[2026-08-01 21:33:56.263] [app-8d64] [[0;32mINFO[0m] [[0;35mMEMORY[0m]  Process memory: 16237 MB physical, soft=4096 MB hard=8192 MB (auto)
[2026-08-01 21:33:56.266] [app-8d64] [[0;36mDBUG[0m] [[1;34mCORE[0m]    ParamFile::Parse() - Loading config file: C:\Users\mail\AppData\Roaming\CWR\Users\mail\UserInfo.cfg
[2026-08-01 21:33:56.267] [app-8d64] [[0;36mDBUG[0m] [[1;34mCORE[0m]    ParamFile::Parse() - Loading config file: C:\Users\mail\AppData\Roaming\CWR\game.cfg
[2026-08-01 21:33:56.267] [app-8d64] [[0;36mDBUG[0m] [[0;33mCONFIG[0m]  GameSettings: text='English' voice='German' blood=true viewDistance=5000 respectMissionViewDistance=true
[2026-08-01 21:33:56.269] [app-8d64] [[0;36mDBUG[0m] [[1;34mCORE[0m]    ParamFile::Parse() - Loading config file: C:\Users\mail\AppData\Roaming\CWR\contextControls.cfg
[2026-08-01 21:33:56.461] [app-8d64] [[0;36mDBUG[0m] [[1;34mCORE[0m]    ParamFile::Parse() - Loading config file: C:\Users\mail\AppData\Roaming\CWR\gamepad.cfg
[2026-08-01 21:33:56.462] [app-8d64] [[0;36mDBUG[0m] [[1;34mCORE[0m]    ParamFile::Parse() - Loading config file: C:\Users\mail\AppData\Roaming\CWR\mouse.cfg
[2026-08-01 21:33:56.463] [app-8d64] [[0;36mDBUG[0m] [[1;34mCORE[0m]    ParamFile::Parse() - Loading config file: C:\Users\mail\AppData\Roaming\CWR\difficulty.cfg
[2026-08-01 21:33:56.464] [app-8d64] [[0;36mDBUG[0m] [[1;34mCORE[0m]    ParamFile::Parse() - Loading config file: C:\Users\mail\AppData\Roaming\CWR\Users\mail\UserInfo.cfg
[2026-08-01 21:33:56.504] [app-8d64] [[0;32mINFO[0m] [[1;32mGRAPHICS[0m]  Wgpu: creating renderer WGPU (Rust / wgpu) (1280x720), crate v0.1.0, build 513430ae392f-debug
[2026-08-01 21:33:56.504] [app-8d64] [[0;32mINFO[0m] [[1;32mGRAPHICS[0m]  wgpu: wgpu instance flags: InstanceFlags(DEBUG | VALIDATION | VALIDATION_INDIRECT_CALL)
[2026-08-01 21:33:56.891] [app-8d64] [[0;32mINFO[0m] [[1;32mGRAPHICS[0m]  wgpu: wgpu adapter: NVIDIA GeForce RTX 3070 (Vulkan, DiscreteGpu)
[2026-08-01 21:33:56.891] [app-8d64] [[0;32mINFO[0m] [[1;32mGRAPHICS[0m]  wgpu: wgpu capabilities: bc=true bindless=true partially_bound=true indirect_first_instance=true multi_draw_count=true vertex_writable_storage=true timestamps=true timestamps_in_passes=true
[2026-08-01 21:33:57.171] [app-8d64] [[0;32mINFO[0m] [[1;32mGRAPHICS[0m]  wgpu: wgpu MSAA enabled: 4x (WGR_MSAA)
[2026-08-01 21:33:57.171] [app-8d64] [[0;32mINFO[0m] [[1;32mGRAPHICS[0m]  wgpu: wgpu HDR path enabled (WGR_HDR)
[2026-08-01 21:33:57.171] [app-8d64] [[0;32mINFO[0m] [[1;32mGRAPHICS[0m]  wgpu: wgpu GPU-driven indirect draws enabled (WGR_INDIRECT)
[2026-08-01 21:33:57.731] [app-8d64] [[0;32mINFO[0m] [[1;32mGRAPHICS[0m]  wgpu: wgpu GPU-driven rendering enabled (WGR_GPU_DRIVEN); inert until a scene registers
[2026-08-01 21:33:59.093] [app-8d64] [[0;32mINFO[0m] [[1;32mGRAPHICS[0m]  wgpu: Hydro FFT ocean enabled: initial 512x512 cascade maps; live tiers 256/512/1024
[2026-08-01 21:34:01.601] [app-8d64] [[0;32mINFO[0m] [[1;32mGRAPHICS[0m]  wgpu: WTR-002 GPU timestamp instrumentation enabled
[2026-08-01 21:34:01.601] [app-8d64] [[0;32mINFO[0m] [[1;32mGRAPHICS[0m]  wgpu: GRS-A in-pass timestamps enabled; grass draw rows will report
[2026-08-01 21:34:01.602] [app-8d64] [[0;32mINFO[0m] [[1;32mGRAPHICS[0m]  wgpu: wgpu renderer created
[2026-08-01 21:34:01.603] [app-8d64] [[0;32mINFO[0m] [[1;32mGRAPHICS[0m]  DebugOverlay: ImGui initialized on the engine overlay backend (press Ctrl+` / Ctrl+; to toggle)
[2026-08-01 21:34:01.603] [app-8d64] [[0;36mDBUG[0m] [[1;34mCORE[0m]    ParamFile::Parse() - Loading config file: C:\Users\mail\AppData\Roaming\CWR\display.cfg
[2026-08-01 21:34:01.603] [app-8d64] [[0;32mINFO[0m] [[1;32mGRAPHICS[0m]  LoadDisplayConfig: applied explicit CLI display overrides
[2026-08-01 21:34:01.604] [app-8d64] [[0;32mINFO[0m] [[1;32mGRAPHICS[0m]  Aspect: viewport=1280x720 style=0 clamp=1 override=0 -> leftFOV=1.333 topFOV=0.750 uiX=[0.000..1.000] uiY=[0.000..1.000] world=[0.000..1.000]x[0.000..1.000]
[2026-08-01 21:34:01.604] [app-8d64] [[0;36mDBUG[0m] [[1;32mGRAPHICS[0m]  LoadDisplayConfig: monitor=0 mode=2 res=1280x720 refresh=0
[2026-08-01 21:34:01.604] [app-8d64] [[0;36mDBUG[0m] [[1;34mCORE[0m]    ParamFile::Parse() - Loading config file: C:\Users\mail\AppData\Roaming\CWR\graphics.cfg
[2026-08-01 21:34:01.605] [app-8d64] [[0;36mDBUG[0m] [[1;32mGRAPHICS[0m]  LoadGraphicsConfig: preset=3 terrain=4 objectLod=4 shadow=3 particles=3 vsync=1 fpsCap=0 brightness=1.6 gamma=1
[2026-08-01 21:34:01.605] [app-8d64] [[0;36mDBUG[0m] [[1;34mCORE[0m]    ParamFile::Parse() - Loading config file: C:\Users\mail\AppData\Roaming\CWR\Users\mail\UserInfo.cfg
[2026-08-01 21:34:01.607] [app-8d64] [[0;36mDBUG[0m] [[1;34mCORE[0m]    Object size %d
[2026-08-01 21:34:01.607] [app-8d64] [[0;36mDBUG[0m] [[1;34mCORE[0m]    Frame size %d
[2026-08-01 21:34:01.607] [app-8d64] [[0;36mDBUG[0m] [[1;34mCORE[0m]    RemoveLinks size %d
[2026-08-01 21:34:01.607] [app-8d64] [[0;36mDBUG[0m] [[1;34mCORE[0m]    OLink<Object> size %d
[2026-08-01 21:34:01.607] [app-8d64] [[0;36mDBUG[0m] [[1;34mCORE[0m]    Entity size %d
[2026-08-01 21:34:01.608] [app-8d64] [[0;36mDBUG[0m] [[1;34mCORE[0m]    LODShapeWithShadow size %d
[2026-08-01 21:34:01.608] [app-8d64] [[0;36mDBUG[0m] [[1;34mCORE[0m]    Shape size %d
[2026-08-01 21:34:01.731] [app-8d64] [[0;36mDBUG[0m] [[1;34mCORE[0m]    File fonts\cwr_body.ttf not in bank
[2026-08-01 21:34:01.732] [app-8d64] [[0;36mDBUG[0m] [[1;34mCORE[0m]    File fonts\cwr_body.ttf not in bank
[2026-08-01 21:34:01.732] [app-8d64] [[0;36mDBUG[0m] [[1;34mCORE[0m]      -> Checking base directory: ''
[2026-08-01 21:34:01.739] [app-8d64] [[0;36mDBUG[0m] [[1;34mCORE[0m]      -> Checking base directory: ''
[2026-08-01 21:34:01.739] [app-8d64] [[0;36mDBUG[0m] [[1;34mCORE[0m]      -> Checking base directory: ''
[2026-08-01 21:34:01.739] [app-8d64] [[0;36mDBUG[0m] [[1;34mCORE[0m]    File fonts\cwr_title.ttf not in bank
[2026-08-01 21:34:01.740] [app-8d64] [[0;36mDBUG[0m] [[1;34mCORE[0m]    File fonts\cwr_title.ttf not in bank
[2026-08-01 21:34:01.741] [app-8d64] [[0;36mDBUG[0m] [[1;34mCORE[0m]    File fonts\cwr_title.ttf not in bank
[2026-08-01 21:34:01.753] [app-8d64] [[0;36mDBUG[0m] [[1;34mCORE[0m]    CleanUp world
[2026-08-01 21:34:01.753] [app-8d64] [[0;36mDBUG[0m] [[1;34mCORE[0m]    ParamFile error: No entry '.CfgPreloadTextures'
[2026-08-01 21:34:01.753] [app-8d64] [[0;36mDBUG[0m] [[1;34mCORE[0m]    ParamFile error: No entry '.textureDefault'
[2026-08-01 21:34:01.753] [app-8d64] [[0;36mDBUG[0m] [[1;34mCORE[0m]    ParamFile error: '/' is not a value
[2026-08-01 21:34:01.754] [app-8d64] [[0;36mDBUG[0m] [[1;34mCORE[0m]    ParamFile error: No entry '.textureWhite'
[2026-08-01 21:34:01.754] [app-8d64] [[0;36mDBUG[0m] [[1;34mCORE[0m]    ParamFile error: '/' is not a value
[2026-08-01 21:34:01.754] [app-8d64] [[0;36mDBUG[0m] [[1;34mCORE[0m]    ParamFile error: No entry '.textureBlack'
[2026-08-01 21:34:01.754] [app-8d64] [[0;36mDBUG[0m] [[1;34mCORE[0m]    ParamFile error: '/' is not a value
[2026-08-01 21:34:01.754] [app-8d64] [[0;36mDBUG[0m] [[1;34mCORE[0m]    ParamFile error: No entry '.textureLine'
[2026-08-01 21:34:01.754] [app-8d64] [[0;36mDBUG[0m] [[1;34mCORE[0m]    ParamFile error: '/' is not a value
[2026-08-01 21:34:01.754] [app-8d64] [[0;36mDBUG[0m] [[1;34mCORE[0m]    ParamFile error: No entry '.trackTexture'
[2026-08-01 21:34:01.754] [app-8d64] [[0;36mDBUG[0m] [[1;34mCORE[0m]    ParamFile error: '/' is not a value
[2026-08-01 21:34:01.755] [app-8d64] [[0;36mDBUG[0m] [[1;34mCORE[0m]    ParamFile error: No entry '.trackTextureFour'
[2026-08-01 21:34:01.755] [app-8d64] [[0;36mDBUG[0m] [[1;34mCORE[0m]    ParamFile error: '/' is not a value
[2026-08-01 21:34:01.755] [app-8d64] [[0;36mDBUG[0m] [[1;34mCORE[0m]    ParamFile error: No entry '.compass000'
[2026-08-01 21:34:01.755] [app-8d64] [[0;36mDBUG[0m] [[1;34mCORE[0m]    ParamFile error: '/' is not a value
[2026-08-01 21:34:01.755] [app-8d64] [[0;36mDBUG[0m] [[1;34mCORE[0m]    ParamFile error: No entry '.compass090'
[2026-08-01 21:34:01.756] [app-8d64] [[0;36mDBUG[0m] [[1;34mCORE[0m]    ParamFile error: '/' is not a value
[2026-08-01 21:34:01.756] [app-8d64] [[0;36mDBUG[0m] [[1;34mCORE[0m]    ParamFile error: No entry '.compass180'
[2026-08-01 21:34:01.756] [app-8d64] [[0;36mDBUG[0m] [[1;34mCORE[0m]    ParamFile error: '/' is not a value
[2026-08-01 21:34:01.756] [app-8d64] [[0;36mDBUG[0m] [[1;34mCORE[0m]    ParamFile error: No entry '.compass270'
[2026-08-01 21:34:01.756] [app-8d64] [[0;36mDBUG[0m] [[1;34mCORE[0m]    ParamFile error: '/' is not a value
[2026-08-01 21:34:01.756] [app-8d64] [[0;36mDBUG[0m] [[1;34mCORE[0m]    ParamFile error: No entry '.skyBright'
[2026-08-01 21:34:01.756] [app-8d64] [[0;36mDBUG[0m] [[1;34mCORE[0m]    ParamFile error: '/' is not a value
[2026-08-01 21:34:01.756] [app-8d64] [[0;36mDBUG[0m] [[1;34mCORE[0m]    ParamFile error: No entry '.skyCloudy'
[2026-08-01 21:34:01.756] [app-8d64] [[0;36mDBUG[0m] [[1;34mCORE[0m]    ParamFile error: '/' is not a value
[2026-08-01 21:34:01.756] [app-8d64] [[0;36mDBUG[0m] [[1;34mCORE[0m]    ParamFile error: No entry '.skyRainy'
[2026-08-01 21:34:01.756] [app-8d64] [[0;36mDBUG[0m] [[1;34mCORE[0m]    ParamFile error: '/' is not a value
[2026-08-01 21:34:01.757] [app-8d64] [[0;36mDBUG[0m] [[1;34mCORE[0m]    ParamFile error: No entry '.textureRain'
[2026-08-01 21:34:01.757] [app-8d64] [[0;36mDBUG[0m] [[1;34mCORE[0m]    ParamFile error: '/' is not a value
[2026-08-01 21:34:01.757] [app-8d64] [[0;36mDBUG[0m] [[1;34mCORE[0m]    ParamFile error: No entry '.flares'
[2026-08-01 21:34:01.757] [app-8d64] [[0;36mDBUG[0m] [[1;34mCORE[0m]      -> Checking base directory: ''
[2026-08-01 21:34:01.808] [app-8d64] [[0;36mDBUG[0m] [[1;34mCORE[0m]    Creating landscape...
[2026-08-01 21:34:01.809] [app-8d64] [[0;36mDBUG[0m] [[1;34mCORE[0m]    ParamFile error: No entry '.CfgLandscapeSky'
[2026-08-01 21:34:01.809] [app-8d64] [[0;36mDBUG[0m] [[1;34mCORE[0m]    ParamFile error: No entry '.sky'
[2026-08-01 21:34:01.809] [app-8d64] [[0;36mDBUG[0m] [[1;34mCORE[0m]    ParamFile error: No entry '.model'
[2026-08-01 21:34:01.810] [app-8d64] [[0;36mDBUG[0m] [[1;34mCORE[0m]    ParamFile error: '/' is not a value
[2026-08-01 21:34:01.810] [app-8d64] [[0;36mDBUG[0m] [[1;34mCORE[0m]    ParamFile error: No entry '.stars'
[2026-08-01 21:34:01.810] [app-8d64] [[0;36mDBUG[0m] [[1;34mCORE[0m]    ParamFile error: No entry '.model'
[2026-08-01 21:34:01.810] [app-8d64] [[0;36mDBUG[0m] [[1;34mCORE[0m]    ParamFile error: '/' is not a value
[2026-08-01 21:34:01.810] [app-8d64] [[0;36mDBUG[0m] [[1;34mCORE[0m]    ParamFile error: No entry '.horizont'
[2026-08-01 21:34:01.810] [app-8d64] [[0;36mDBUG[0m] [[1;34mCORE[0m]    ParamFile error: No entry '.model'
[2026-08-01 21:34:01.810] [app-8d64] [[0;36mDBUG[0m] [[1;34mCORE[0m]    ParamFile error: '/' is not a value
[2026-08-01 21:34:01.810] [app-8d64] [[0;36mDBUG[0m] [[1;34mCORE[0m]    ParamFile error: No entry '.sunHalo'
[2026-08-01 21:34:01.811] [app-8d64] [[0;36mDBUG[0m] [[1;34mCORE[0m]    ParamFile error: No entry '.model'
[2026-08-01 21:34:01.811] [app-8d64] [[0;36mDBUG[0m] [[1;34mCORE[0m]    ParamFile error: '/' is not a value
[2026-08-01 21:34:01.811] [app-8d64] [[0;36mDBUG[0m] [[1;34mCORE[0m]    ParamFile error: No entry '.sun'
[2026-08-01 21:34:01.811] [app-8d64] [[0;36mDBUG[0m] [[1;34mCORE[0m]    ParamFile error: No entry '.model'
[2026-08-01 21:34:01.811] [app-8d64] [[0;36mDBUG[0m] [[1;34mCORE[0m]    ParamFile error: '/' is not a value
[2026-08-01 21:34:01.811] [app-8d64] [[0;36mDBUG[0m] [[1;34mCORE[0m]    ParamFile error: No entry '.moon'
[2026-08-01 21:34:01.812] [app-8d64] [[0;36mDBUG[0m] [[1;34mCORE[0m]    ParamFile error: No entry '.model'
[2026-08-01 21:34:01.812] [app-8d64] [[0;36mDBUG[0m] [[1;34mCORE[0m]    ParamFile error: '/' is not a value
[2026-08-01 21:34:01.812] [app-8d64] [[1;33mWARN[0m] [[0;32mWORLD[0m]   Landscape sky slot 'sky' has no model configured
[2026-08-01 21:34:01.812] [app-8d64] [[1;33mWARN[0m] [[0;32mWORLD[0m]   Landscape sky slot 'stars' has no model configured
[2026-08-01 21:34:01.812] [app-8d64] [[1;33mWARN[0m] [[0;32mWORLD[0m]   Landscape sky slot 'horizont' has no model configured
[2026-08-01 21:34:01.812] [app-8d64] [[1;33mWARN[0m] [[0;32mWORLD[0m]   Landscape sky slot 'sunHalo' has no model configured
[2026-08-01 21:34:01.812] [app-8d64] [[1;33mWARN[0m] [[0;32mWORLD[0m]   Landscape sky slot 'sun' has no model configured
[2026-08-01 21:34:01.812] [app-8d64] [[1;33mWARN[0m] [[0;32mWORLD[0m]   Landscape sky slot 'moon' has no model configured
[2026-08-01 21:34:01.812] [app-8d64] [[0;36mDBUG[0m] [[1;34mCORE[0m]      -> Checking base directory: ''
[2026-08-01 21:34:01.814] [app-8d64] [[0;36mDBUG[0m] [[1;34mCORE[0m]    Initializing world landscape...
[2026-08-01 21:34:01.824] [app-8d64] [[0;36mDBUG[0m] [[1;34mCORE[0m]    CleanUp world
[2026-08-01 21:34:01.824] [app-8d64] [[0;36mDBUG[0m] [[1;34mCORE[0m]    World set time %s, %s
[2026-08-01 21:34:01.839] [app-8d64] [[0;36mDBUG[0m] [[1;34mCORE[0m]    File fonts\cwr_body.ttf not in bank
[2026-08-01 21:34:01.846] [app-8d64] [[0;36mDBUG[0m] [[1;34mCORE[0m]    ResetObjectIDs
[2026-08-01 21:34:01.846] [app-8d64] [[0;36mDBUG[0m] [[1;34mCORE[0m]    Landscape::ClearIDCache
[2026-08-01 21:34:01.872] [app-8d64] [[0;36mDBUG[0m] [[1;32mGRAPHICS[0m]  PERF: ShapeBank::New data3d\les ctverec mlazi.p3d took 25.92ms (4 LODs)
[2026-08-01 21:34:01.876] [app-8d64] [[0;36mDBUG[0m] [[1;32mGRAPHICS[0m]  PERF: ShapeBank::New data3d\les trojuhelnik.p3d took 4.01ms (5 LODs)
[2026-08-01 21:34:01.887] [app-8d64] [[0;36mDBUG[0m] [[1;32mGRAPHICS[0m]  PERF: ShapeBank::New data3d\les trojuhelnik pruchozi.p3d took 11.17ms (8 LODs)
[2026-08-01 21:34:01.890] [app-8d64] [[0;36mDBUG[0m] [[1;32mGRAPHICS[0m]  PERF: ShapeBank::New data3d\les ctverec.p3d took 2.69ms (5 LODs)
[2026-08-01 21:34:01.905] [app-8d64] [[0;36mDBUG[0m] [[1;32mGRAPHICS[0m]  PERF: ShapeBank::New data3d\les ctverec pruchozi_t1.p3d took 14.47ms (7 LODs)
[2026-08-01 21:34:01.918] [app-8d64] [[0;36mDBUG[0m] [[1;32mGRAPHICS[0m]  PERF: ShapeBank::New data3d\les ctverec pruchozi_t2.p3d took 12.68ms (7 LODs)
[2026-08-01 21:34:01.919] [app-8d64] [[0;36mDBUG[0m] [[1;34mCORE[0m]    InitLandscape ResetIDs
[2026-08-01 21:34:01.919] [app-8d64] [[0;36mDBUG[0m] [[1;34mCORE[0m]    World::ResetIDs
[2026-08-01 21:34:01.919] [app-8d64] [[0;36mDBUG[0m] [[1;34mCORE[0m]    ResetObjectIDs
[2026-08-01 21:34:01.920] [app-8d64] [[0;36mDBUG[0m] [[1;34mCORE[0m]    Landscape::ClearIDCache
[2026-08-01 21:34:01.920] [app-8d64] [[0;36mDBUG[0m] [[1;34mCORE[0m]    Preloading vehicle types...
[2026-08-01 21:34:02.220] [app-8d64] [[0;36mDBUG[0m] [[1;34mCORE[0m]      -> Checking base directory: ''
[2026-08-01 21:34:02.248] [app-8d64] [[0;36mDBUG[0m] [[1;34mCORE[0m]    Final world initialization...
[2026-08-01 21:34:02.248] [app-8d64] [[0;32mINFO[0m] [[1;34mCORE[0m]    World initialized successfully
[2026-08-01 21:34:02.249] [app-8d64] [[0;36mDBUG[0m] [[1;34mCORE[0m]    ParamFile::Parse() - Loading config file: C:\Users\mail\AppData\Roaming\CWR\graphics.cfg
[2026-08-01 21:34:02.249] [app-8d64] [[0;36mDBUG[0m] [[0;32mWORLD[0m]   Terrain subdivision wanted: 3 (3.000)
[2026-08-01 21:34:02.250] [app-8d64] [[0;36mDBUG[0m] [[1;34mCORE[0m]    LOAD: SubdivCache HIT from C:\Users\mail\AppData\Local\CWR//cwr_subdiv__L3.cache
[2026-08-01 21:34:02.250] [app-8d64] [[0;36mDBUG[0m] [[1;33mSCRIPT[0m]  Visibility set: view=5000 objects=3000 shadows=500
[2026-08-01 21:34:02.250] [app-8d64] [[0;36mDBUG[0m] [[1;34mCORE[0m]    LOAD: AdjustSubdivision 0ms (grid=6.25 vd=5000)
[2026-08-01 21:34:02.250] [app-8d64] [[0;36mDBUG[0m] [[1;32mGRAPHICS[0m]  LoadGraphicsConfig: preset=3 terrain=4 objectLod=4 shadow=3 particles=3 vsync=1 fpsCap=0 brightness=1.6 gamma=1
[2026-08-01 21:34:02.663] [app-8d64] [[0;32mINFO[0m] [[1;36mAUDIO[0m]   EFX extension: available
[2026-08-01 21:34:02.663] [app-8d64] [[0;36mDBUG[0m] [[1;36mAUDIO[0m]   UpdateMixer: wave=1 speech=1 music=1 gain=0.5 (vols 5/5/5)
[2026-08-01 21:34:02.663] [app-8d64] [[0;36mDBUG[0m] [[1;36mAUDIO[0m]   UpdateMixer: wave=1 speech=1 music=1 gain=0.5 (vols 5/5/5)
[2026-08-01 21:34:02.663] [app-8d64] [[0;36mDBUG[0m] [[1;36mAUDIO[0m]   UpdateMixer: wave=1 speech=1 music=1 gain=0.5 (vols 5/5/5)
[2026-08-01 21:34:02.663] [app-8d64] [[0;36mDBUG[0m] [[1;34mCORE[0m]    ParamFile::Parse() - Loading config file: C:\Users\mail\AppData\Roaming\CWR\audio.cfg
[2026-08-01 21:34:02.663] [app-8d64] [[0;36mDBUG[0m] [[1;36mAUDIO[0m]   UpdateMixer: wave=0.122456424 speech=0.122456424 music=1 gain=0.8 (vols 5/5/8)
[2026-08-01 21:34:02.664] [app-8d64] [[0;36mDBUG[0m] [[1;36mAUDIO[0m]   UpdateMixer: wave=1 speech=0.122456424 music=1 gain=0.8 (vols 8/5/8)
[2026-08-01 21:34:02.664] [app-8d64] [[0;36mDBUG[0m] [[1;36mAUDIO[0m]   UpdateMixer: wave=1 speech=1 music=1 gain=0.8 (vols 8/8/8)
[2026-08-01 21:34:02.664] [app-8d64] [[0;36mDBUG[0m] [[1;36mAUDIO[0m]   LoadConfig: music=80% fx=80% speech=80% eax=false out='' in=''
[2026-08-01 21:34:02.664] [app-8d64] [[0;32mINFO[0m] [[1;36mAUDIO[0m]   Init OK: OpenAL Soft
[2026-08-01 21:34:02.664] [app-8d64] [[0;36mDBUG[0m] [[1;34mCORE[0m]    Audio backend: OpenAL audio engine (default)
[2026-08-01 21:34:02.664] [app-8d64] [[0;36mDBUG[0m] [[1;34mCORE[0m]    ParamFile::Parse() - Loading config file: C:\Users\mail\AppData\Roaming\CWR\audio.cfg
[2026-08-01 21:34:02.664] [app-8d64] [[0;36mDBUG[0m] [[1;36mAUDIO[0m]   UpdateMixer: wave=1 speech=1 music=1 gain=0.8 (vols 8/8/8)
[2026-08-01 21:34:02.665] [app-8d64] [[0;36mDBUG[0m] [[1;36mAUDIO[0m]   UpdateMixer: wave=1 speech=1 music=1 gain=0.8 (vols 8/8/8)
[2026-08-01 21:34:02.665] [app-8d64] [[0;36mDBUG[0m] [[1;36mAUDIO[0m]   UpdateMixer: wave=1 speech=1 music=1 gain=0.8 (vols 8/8/8)
[2026-08-01 21:34:02.665] [app-8d64] [[0;36mDBUG[0m] [[1;36mAUDIO[0m]   LoadConfig: music=80% fx=80% speech=80% eax=false out='' in=''
[2026-08-01 21:34:02.665] [app-8d64] [[0;36mDBUG[0m] [[1;34mCORE[0m]    File fonts\cwr_title.ttf not in bank
[2026-08-01 21:34:02.665] [app-8d64] [[0;36mDBUG[0m] [[1;34mCORE[0m]    File fonts\cwr_body.ttf not in bank
[2026-08-01 21:34:02.665] [app-8d64] [[0;36mDBUG[0m] [[1;34mCORE[0m]    File fonts\cwr_mono.ttf not in bank
[2026-08-01 21:34:02.665] [app-8d64] [[0;36mDBUG[0m] [[1;34mCORE[0m]    File fonts\cwr_serif.ttf not in bank
[2026-08-01 21:34:02.666] [app-8d64] [[0;36mDBUG[0m] [[1;34mCORE[0m]    File fonts\cwr_hand.ttf not in bank
[2026-08-01 21:34:02.666] [app-8d64] [[0;32mINFO[0m] [[1;32mGRAPHICS[0m]  FontSystem initialized (5 fonts in slot 0)
[2026-08-01 21:34:02.666] [app-8d64] [[0;36mDBUG[0m] [[1;34mCORE[0m]    ParamFile error: No entry '.CfgScenePreload'
[2026-08-01 21:34:02.666] [app-8d64] [[0;36mDBUG[0m] [[1;34mCORE[0m]    ParamFile error: No entry '.CraterShell'
[2026-08-01 21:34:02.666] [app-8d64] [[0;36mDBUG[0m] [[1;34mCORE[0m]    ParamFile error: No entry '.model'
[2026-08-01 21:34:02.666] [app-8d64] [[0;36mDBUG[0m] [[1;34mCORE[0m]    ParamFile error: '/' is not a value
[2026-08-01 21:34:02.666] [app-8d64] [[0;36mDBUG[0m] [[1;34mCORE[0m]    ParamFile error: No entry '.SlopBlood'
[2026-08-01 21:34:02.666] [app-8d64] [[0;36mDBUG[0m] [[1;34mCORE[0m]    ParamFile error: No entry '.model'
[2026-08-01 21:34:02.666] [app-8d64] [[0;36mDBUG[0m] [[1;34mCORE[0m]    ParamFile error: '/' is not a value
[2026-08-01 21:34:02.666] [app-8d64] [[0;36mDBUG[0m] [[1;34mCORE[0m]    ParamFile error: No entry '.CloudletBasic'
[2026-08-01 21:34:02.666] [app-8d64] [[0;36mDBUG[0m] [[1;34mCORE[0m]    ParamFile error: No entry '.model'
[2026-08-01 21:34:02.666] [app-8d64] [[0;36mDBUG[0m] [[1;34mCORE[0m]    ParamFile error: '/' is not a value
[2026-08-01 21:34:02.667] [app-8d64] [[0;36mDBUG[0m] [[1;34mCORE[0m]    ParamFile error: No entry '.CloudletFire'
[2026-08-01 21:34:02.667] [app-8d64] [[0;36mDBUG[0m] [[1;34mCORE[0m]    ParamFile error: No entry '.model'
[2026-08-01 21:34:02.667] [app-8d64] [[0;36mDBUG[0m] [[1;34mCORE[0m]    ParamFile error: '/' is not a value
[2026-08-01 21:34:02.667] [app-8d64] [[0;36mDBUG[0m] [[1;34mCORE[0m]    ParamFile error: No entry '.CloudletWater'
[2026-08-01 21:34:02.667] [app-8d64] [[0;36mDBUG[0m] [[1;34mCORE[0m]    ParamFile error: No entry '.model'
[2026-08-01 21:34:02.667] [app-8d64] [[0;36mDBUG[0m] [[1;34mCORE[0m]    ParamFile error: '/' is not a value
[2026-08-01 21:34:02.667] [app-8d64] [[0;36mDBUG[0m] [[1;34mCORE[0m]    ParamFile error: No entry '.CinemaBorder'
[2026-08-01 21:34:02.667] [app-8d64] [[0;36mDBUG[0m] [[1;34mCORE[0m]    ParamFile error: No entry '.model'
[2026-08-01 21:34:02.667] [app-8d64] [[0;36mDBUG[0m] [[1;34mCORE[0m]    ParamFile error: '/' is not a value
[2026-08-01 21:34:02.667] [app-8d64] [[0;36mDBUG[0m] [[1;34mCORE[0m]    ParamFile error: No entry '.CobraLight'
[2026-08-01 21:34:02.667] [app-8d64] [[0;36mDBUG[0m] [[1;34mCORE[0m]    ParamFile error: No entry '.model'
[2026-08-01 21:34:02.667] [app-8d64] [[0;36mDBUG[0m] [[1;34mCORE[0m]    ParamFile error: '/' is not a value
[2026-08-01 21:34:02.667] [app-8d64] [[0;36mDBUG[0m] [[1;34mCORE[0m]    ParamFile error: No entry '.SphereLight'
[2026-08-01 21:34:02.667] [app-8d64] [[0;36mDBUG[0m] [[1;34mCORE[0m]    ParamFile error: No entry '.model'
[2026-08-01 21:34:02.667] [app-8d64] [[0;36mDBUG[0m] [[1;34mCORE[0m]    ParamFile error: '/' is not a value
[2026-08-01 21:34:02.668] [app-8d64] [[0;36mDBUG[0m] [[1;34mCORE[0m]    ParamFile error: No entry '.HalfLight'
[2026-08-01 21:34:02.668] [app-8d64] [[0;36mDBUG[0m] [[1;34mCORE[0m]    ParamFile error: No entry '.model'
[2026-08-01 21:34:02.668] [app-8d64] [[0;36mDBUG[0m] [[1;34mCORE[0m]    ParamFile error: '/' is not a value
[2026-08-01 21:34:02.668] [app-8d64] [[0;36mDBUG[0m] [[1;34mCORE[0m]    ParamFile error: No entry '.Marker'
[2026-08-01 21:34:02.668] [app-8d64] [[0;36mDBUG[0m] [[1;34mCORE[0m]    ParamFile error: No entry '.model'
[2026-08-01 21:34:02.668] [app-8d64] [[0;36mDBUG[0m] [[1;34mCORE[0m]    ParamFile error: '/' is not a value
[2026-08-01 21:34:02.668] [app-8d64] [[0;36mDBUG[0m] [[1;34mCORE[0m]    ParamFile error: No entry '.FootStepL'
[2026-08-01 21:34:02.668] [app-8d64] [[0;36mDBUG[0m] [[1;34mCORE[0m]    ParamFile error: No entry '.model'
[2026-08-01 21:34:02.668] [app-8d64] [[0;36mDBUG[0m] [[1;34mCORE[0m]    ParamFile error: '/' is not a value
[2026-08-01 21:34:02.668] [app-8d64] [[0;36mDBUG[0m] [[1;34mCORE[0m]    ParamFile error: No entry '.FootStepR'
[2026-08-01 21:34:02.668] [app-8d64] [[0;36mDBUG[0m] [[1;34mCORE[0m]    ParamFile error: No entry '.model'
[2026-08-01 21:34:02.668] [app-8d64] [[0;36mDBUG[0m] [[1;34mCORE[0m]    ParamFile error: '/' is not a value
[2026-08-01 21:34:02.668] [app-8d64] [[0;36mDBUG[0m] [[1;34mCORE[0m]    ParamFile error: No entry '.ForceArrowModel'
[2026-08-01 21:34:02.668] [app-8d64] [[0;36mDBUG[0m] [[1;34mCORE[0m]    ParamFile error: No entry '.model'
[2026-08-01 21:34:02.668] [app-8d64] [[0;36mDBUG[0m] [[1;34mCORE[0m]    ParamFile error: '/' is not a value
[2026-08-01 21:34:02.668] [app-8d64] [[0;36mDBUG[0m] [[1;34mCORE[0m]    ParamFile error: No entry '.SphereModel'
[2026-08-01 21:34:02.669] [app-8d64] [[0;36mDBUG[0m] [[1;34mCORE[0m]    ParamFile error: No entry '.model'
[2026-08-01 21:34:02.669] [app-8d64] [[0;36mDBUG[0m] [[1;34mCORE[0m]    ParamFile error: '/' is not a value
[2026-08-01 21:34:02.669] [app-8d64] [[0;36mDBUG[0m] [[1;34mCORE[0m]    ParamFile error: No entry '.RectangleModel'
[2026-08-01 21:34:02.669] [app-8d64] [[0;36mDBUG[0m] [[1;34mCORE[0m]    ParamFile error: No entry '.model'
[2026-08-01 21:34:02.669] [app-8d64] [[0;36mDBUG[0m] [[1;34mCORE[0m]    ParamFile error: '/' is not a value
[2026-08-01 21:34:02.669] [app-8d64] [[0;36mDBUG[0m] [[1;34mCORE[0m]    ParamFile error: No entry '.Cloud1'
[2026-08-01 21:34:02.669] [app-8d64] [[0;36mDBUG[0m] [[1;34mCORE[0m]    ParamFile error: No entry '.model'
[2026-08-01 21:34:02.669] [app-8d64] [[0;36mDBUG[0m] [[1;34mCORE[0m]    ParamFile error: '/' is not a value
[2026-08-01 21:34:02.669] [app-8d64] [[0;36mDBUG[0m] [[1;34mCORE[0m]    ParamFile error: No entry '.Cloud2'
[2026-08-01 21:34:02.669] [app-8d64] [[0;36mDBUG[0m] [[1;34mCORE[0m]    ParamFile error: No entry '.model'
[2026-08-01 21:34:02.669] [app-8d64] [[0;36mDBUG[0m] [[1;34mCORE[0m]    ParamFile error: '/' is not a value
[2026-08-01 21:34:02.669] [app-8d64] [[0;36mDBUG[0m] [[1;34mCORE[0m]    ParamFile error: No entry '.Cloud3'
[2026-08-01 21:34:02.669] [app-8d64] [[0;36mDBUG[0m] [[1;34mCORE[0m]    ParamFile error: No entry '.model'
[2026-08-01 21:34:02.669] [app-8d64] [[0;36mDBUG[0m] [[1;34mCORE[0m]    ParamFile error: '/' is not a value
[2026-08-01 21:34:02.669] [app-8d64] [[0;36mDBUG[0m] [[1;34mCORE[0m]    ParamFile error: No entry '.Cloud4'
[2026-08-01 21:34:02.669] [app-8d64] [[0;36mDBUG[0m] [[1;34mCORE[0m]    ParamFile error: No entry '.model'
[2026-08-01 21:34:02.669] [app-8d64] [[0;36mDBUG[0m] [[1;34mCORE[0m]    ParamFile error: '/' is not a value
[2026-08-01 21:34:02.669] [app-8d64] [[0;36mDBUG[0m] [[1;34mCORE[0m]    ParamFile error: No entry '.CollisionStar'
[2026-08-01 21:34:02.669] [app-8d64] [[0;36mDBUG[0m] [[1;34mCORE[0m]    ParamFile error: No entry '.model'
[2026-08-01 21:34:02.670] [app-8d64] [[0;36mDBUG[0m] [[1;34mCORE[0m]    ParamFile error: '/' is not a value
[2026-08-01 21:34:02.670] [app-8d64] [[0;32mINFO[0m] [[1;32mGRAPHICS[0m]  ScenePreloader initialized (20 slot classes)
[2026-08-01 21:34:02.670] [app-8d64] [[0;36mDBUG[0m] [[1;34mCORE[0m]      -> Checking base directory: ''
[2026-08-01 21:34:02.672] [app-8d64] [[0;36mDBUG[0m] [[1;34mCORE[0m]      -> Checking base directory: ''
[2026-08-01 21:34:02.672] [app-8d64] [[0;36mDBUG[0m] [[1;34mCORE[0m]      -> Checking base directory: ''
[2026-08-01 21:34:02.672] [app-8d64] [[0;36mDBUG[0m] [[1;34mCORE[0m]      -> Checking base directory: ''
[2026-08-01 21:34:02.672] [app-8d64] [[0;36mDBUG[0m] [[1;34mCORE[0m]      -> Checking base directory: ''
[2026-08-01 21:34:02.672] [app-8d64] [[0;36mDBUG[0m] [[1;34mCORE[0m]      -> Checking base directory: ''
[2026-08-01 21:34:02.672] [app-8d64] [[0;36mDBUG[0m] [[1;34mCORE[0m]      -> Checking base directory: ''
[2026-08-01 21:34:02.672] [app-8d64] [[0;36mDBUG[0m] [[1;34mCORE[0m]      -> Checking base directory: ''
[2026-08-01 21:34:02.672] [app-8d64] [[0;36mDBUG[0m] [[1;34mCORE[0m]      -> Checking base directory: ''
[2026-08-01 21:34:02.672] [app-8d64] [[0;36mDBUG[0m] [[1;34mCORE[0m]      -> Checking base directory: ''
[2026-08-01 21:34:02.672] [app-8d64] [[0;36mDBUG[0m] [[1;34mCORE[0m]      -> Checking base directory: ''
[2026-08-01 21:34:02.673] [app-8d64] [[0;36mDBUG[0m] [[1;34mCORE[0m]      -> Checking base directory: ''
[2026-08-01 21:34:02.673] [app-8d64] [[0;36mDBUG[0m] [[1;34mCORE[0m]      -> Checking base directory: ''
[2026-08-01 21:34:02.673] [app-8d64] [[0;36mDBUG[0m] [[1;34mCORE[0m]      -> Checking base directory: ''
[2026-08-01 21:34:02.673] [app-8d64] [[0;36mDBUG[0m] [[1;34mCORE[0m]      -> Checking base directory: ''
[2026-08-01 21:34:02.673] [app-8d64] [[0;36mDBUG[0m] [[1;34mCORE[0m]      -> Checking base directory: ''
[2026-08-01 21:34:02.673] [app-8d64] [[0;36mDBUG[0m] [[1;34mCORE[0m]      -> Checking base directory: ''
[2026-08-01 21:34:02.673] [app-8d64] [[0;36mDBUG[0m] [[1;34mCORE[0m]      -> Checking base directory: ''
[2026-08-01 21:34:02.673] [app-8d64] [[0;36mDBUG[0m] [[1;34mCORE[0m]      -> Checking base directory: ''
[2026-08-01 21:34:02.673] [app-8d64] [[0;36mDBUG[0m] [[1;34mCORE[0m]      -> Checking base directory: ''
[2026-08-01 21:34:02.673] [app-8d64] [[0;36mDBUG[0m] [[1;34mCORE[0m]      -> Checking base directory: ''
[2026-08-01 21:34:02.673] [app-8d64] [[0;36mDBUG[0m] [[1;34mCORE[0m]      -> Checking base directory: ''
[2026-08-01 21:34:02.673] [app-8d64] [[0;36mDBUG[0m] [[1;34mCORE[0m]      -> Checking base directory: ''
[2026-08-01 21:34:02.674] [app-8d64] [[0;36mDBUG[0m] [[1;34mCORE[0m]      -> Checking base directory: ''
[2026-08-01 21:34:02.674] [app-8d64] [[0;36mDBUG[0m] [[1;34mCORE[0m]      -> Checking base directory: ''
[2026-08-01 21:34:02.674] [app-8d64] [[0;36mDBUG[0m] [[1;34mCORE[0m]      -> Checking base directory: ''
[2026-08-01 21:34:02.674] [app-8d64] [[0;36mDBUG[0m] [[1;34mCORE[0m]      -> Checking base directory: ''
[2026-08-01 21:34:02.674] [app-8d64] [[0;36mDBUG[0m] [[1;34mCORE[0m]      -> Checking base directory: ''
[2026-08-01 21:34:02.674] [app-8d64] [[0;36mDBUG[0m] [[1;34mCORE[0m]      -> Checking base directory: ''
[2026-08-01 21:34:02.674] [app-8d64] [[0;36mDBUG[0m] [[1;34mCORE[0m]      -> Checking base directory: ''
[2026-08-01 21:34:02.674] [app-8d64] [[0;36mDBUG[0m] [[1;34mCORE[0m]      -> Checking base directory: ''
[2026-08-01 21:34:02.674] [app-8d64] [[0;36mDBUG[0m] [[1;34mCORE[0m]      -> Checking base directory: ''
[2026-08-01 21:34:02.674] [app-8d64] [[0;36mDBUG[0m] [[1;34mCORE[0m]      -> Checking base directory: ''
[2026-08-01 21:34:02.674] [app-8d64] [[0;36mDBUG[0m] [[1;34mCORE[0m]      -> Checking base directory: ''
[2026-08-01 21:34:02.674] [app-8d64] [[0;36mDBUG[0m] [[1;34mCORE[0m]      -> Checking base directory: ''
[2026-08-01 21:34:02.674] [app-8d64] [[0;36mDBUG[0m] [[1;34mCORE[0m]      -> Checking base directory: ''
[2026-08-01 21:34:02.674] [app-8d64] [[0;36mDBUG[0m] [[1;34mCORE[0m]      -> Checking base directory: ''
[2026-08-01 21:34:02.675] [app-8d64] [[0;36mDBUG[0m] [[1;34mCORE[0m]      -> Checking base directory: ''
[2026-08-01 21:34:02.675] [app-8d64] [[0;36mDBUG[0m] [[1;34mCORE[0m]      -> Checking base directory: ''
[2026-08-01 21:34:02.675] [app-8d64] [[0;36mDBUG[0m] [[1;34mCORE[0m]      -> Checking base directory: ''
[2026-08-01 21:34:02.675] [app-8d64] [[0;36mDBUG[0m] [[1;34mCORE[0m]      -> Checking base directory: ''
[2026-08-01 21:34:02.675] [app-8d64] [[0;36mDBUG[0m] [[1;34mCORE[0m]      -> Checking base directory: ''
[2026-08-01 21:34:02.675] [app-8d64] [[0;36mDBUG[0m] [[1;34mCORE[0m]      -> Checking base directory: ''
[2026-08-01 21:34:02.675] [app-8d64] [[0;36mDBUG[0m] [[1;34mCORE[0m]    ParamFile::Parse() - Loading config file: D:\SteamLibrary\steamapps\common\ARMA Cold War Assault\anims\intro.Intro\mission.sqm
[2026-08-01 21:34:02.676] [app-8d64] [[0;36mDBUG[0m] [[1;34mCORE[0m]    ParamFile::Parse() - Loading config file: D:\SteamLibrary\steamapps\common\ARMA Cold War Assault\anims\intro.Intro\mission.sqm
[2026-08-01 21:34:02.679] [app-8d64] [[0;36mDBUG[0m] [[1;34mCORE[0m]    CleanUp world
[2026-08-01 21:34:02.680] [app-8d64] [[0;36mDBUG[0m] [[0;32mWORLD[0m]   Landscape::LoadData start
[2026-08-01 21:34:02.680] [app-8d64] [[0;36mDBUG[0m] [[1;34mCORE[0m]    Load landscape %s
[2026-08-01 21:34:02.711] [app-8d64] [[0;36mDBUG[0m] [[1;34mCORE[0m]    ParamFile error: No entry '.CfgLandscapeSky'
[2026-08-01 21:34:02.711] [app-8d64] [[0;36mDBUG[0m] [[1;34mCORE[0m]    ParamFile error: No entry '.sky'
[2026-08-01 21:34:02.712] [app-8d64] [[0;36mDBUG[0m] [[1;34mCORE[0m]    ParamFile error: No entry '.model'
[2026-08-01 21:34:02.712] [app-8d64] [[0;36mDBUG[0m] [[1;34mCORE[0m]    ParamFile error: '/' is not a value
[2026-08-01 21:34:02.712] [app-8d64] [[0;36mDBUG[0m] [[1;34mCORE[0m]    ParamFile error: No entry '.stars'
[2026-08-01 21:34:02.712] [app-8d64] [[0;36mDBUG[0m] [[1;34mCORE[0m]    ParamFile error: No entry '.model'
[2026-08-01 21:34:02.712] [app-8d64] [[0;36mDBUG[0m] [[1;34mCORE[0m]    ParamFile error: '/' is not a value
[2026-08-01 21:34:02.712] [app-8d64] [[0;36mDBUG[0m] [[1;34mCORE[0m]    ParamFile error: No entry '.horizont'
[2026-08-01 21:34:02.712] [app-8d64] [[0;36mDBUG[0m] [[1;34mCORE[0m]    ParamFile error: No entry '.model'
[2026-08-01 21:34:02.712] [app-8d64] [[0;36mDBUG[0m] [[1;34mCORE[0m]    ParamFile error: '/' is not a value
[2026-08-01 21:34:02.712] [app-8d64] [[0;36mDBUG[0m] [[1;34mCORE[0m]    ParamFile error: No entry '.sunHalo'
[2026-08-01 21:34:02.712] [app-8d64] [[0;36mDBUG[0m] [[1;34mCORE[0m]    ParamFile error: No entry '.model'
[2026-08-01 21:34:02.712] [app-8d64] [[0;36mDBUG[0m] [[1;34mCORE[0m]    ParamFile error: '/' is not a value
[2026-08-01 21:34:02.712] [app-8d64] [[0;36mDBUG[0m] [[1;34mCORE[0m]    ParamFile error: No entry '.sun'
[2026-08-01 21:34:02.712] [app-8d64] [[0;36mDBUG[0m] [[1;34mCORE[0m]    ParamFile error: No entry '.model'
[2026-08-01 21:34:02.713] [app-8d64] [[0;36mDBUG[0m] [[1;34mCORE[0m]    ParamFile error: '/' is not a value
[2026-08-01 21:34:02.713] [app-8d64] [[0;36mDBUG[0m] [[1;34mCORE[0m]    ParamFile error: No entry '.moon'
[2026-08-01 21:34:02.713] [app-8d64] [[0;36mDBUG[0m] [[1;34mCORE[0m]    ParamFile error: No entry '.model'
[2026-08-01 21:34:02.713] [app-8d64] [[0;36mDBUG[0m] [[1;34mCORE[0m]    ParamFile error: '/' is not a value
[2026-08-01 21:34:02.713] [app-8d64] [[1;33mWARN[0m] [[0;32mWORLD[0m]   Landscape sky slot 'sky' has no model configured
[2026-08-01 21:34:02.713] [app-8d64] [[1;33mWARN[0m] [[0;32mWORLD[0m]   Landscape sky slot 'stars' has no model configured
[2026-08-01 21:34:02.714] [app-8d64] [[1;33mWARN[0m] [[0;32mWORLD[0m]   Landscape sky slot 'horizont' has no model configured
[2026-08-01 21:34:02.714] [app-8d64] [[1;33mWARN[0m] [[0;32mWORLD[0m]   Landscape sky slot 'sunHalo' has no model configured
[2026-08-01 21:34:02.714] [app-8d64] [[1;33mWARN[0m] [[0;32mWORLD[0m]   Landscape sky slot 'sun' has no model configured
[2026-08-01 21:34:02.714] [app-8d64] [[1;33mWARN[0m] [[0;32mWORLD[0m]   Landscape sky slot 'moon' has no model configured
[2026-08-01 21:34:02.735] [app-8d64] [[0;36mDBUG[0m] [[0;32mWORLD[0m]   Landscape::LoadData time 56
[2026-08-01 21:34:02.736] [app-8d64] [[0;36mDBUG[0m] [[1;34mCORE[0m]    LOAD: LoadData 47ms
[2026-08-01 21:34:02.736] [app-8d64] [[0;36mDBUG[0m] [[1;34mCORE[0m]    LOAD: ParseCfgWorld 0ms
[2026-08-01 21:34:02.736] [app-8d64] [[0;36mDBUG[0m] [[1;34mCORE[0m]    CleanUp world
[2026-08-01 21:34:02.740] [app-8d64] [[0;36mDBUG[0m] [[1;34mCORE[0m]    World set time %s, %s
[2026-08-01 21:34:02.759] [app-8d64] [[0;36mDBUG[0m] [[1;34mCORE[0m]    InitLandscape ResetIDs
[2026-08-01 21:34:02.760] [app-8d64] [[0;36mDBUG[0m] [[1;34mCORE[0m]    World::ResetIDs
[2026-08-01 21:34:02.760] [app-8d64] [[0;36mDBUG[0m] [[1;34mCORE[0m]    ResetObjectIDs
[2026-08-01 21:34:02.760] [app-8d64] [[0;36mDBUG[0m] [[1;34mCORE[0m]    Landscape::ClearIDCache
[2026-08-01 21:34:02.761] [app-8d64] [[0;36mDBUG[0m] [[1;34mCORE[0m]    Landscape::RebuildIDCache
[2026-08-01 21:34:02.761] [app-8d64] [[0;36mDBUG[0m] [[1;34mCORE[0m]    LOAD: InitLandscape+RebuildIDCache 32ms
[2026-08-01 21:34:02.763] [app-8d64] [[0;36mDBUG[0m] [[1;34mCORE[0m]    LOAD: SwitchLandscape total 79ms (flush 0ms)
[2026-08-01 21:34:02.786] [app-8d64] [[0;36mDBUG[0m] [[0;32mWORLD[0m]   Terrain subdivision wanted: 3 (3.000)
[2026-08-01 21:34:02.794] [app-8d64] [[0;36mDBUG[0m] [[1;34mCORE[0m]    LOAD: SubdivCache HIT from C:\Users\mail\AppData\Local\CWR//cwr_subdiv_worlds_intro.wrp_L3.cache
[2026-08-01 21:34:02.794] [app-8d64] [[0;36mDBUG[0m] [[1;33mSCRIPT[0m]  Visibility set: view=5000 objects=3000 shadows=500
[2026-08-01 21:34:02.795] [app-8d64] [[0;36mDBUG[0m] [[1;34mCORE[0m]    LOAD: AdjustSubdivision 16ms (grid=6.25 vd=5000)
[2026-08-01 21:34:02.798] [app-8d64] [[0;36mDBUG[0m] [[1;32mGRAPHICS[0m]  PERF: ShapeBank::New data3d\papauto.p3d took 3.30ms (4 LODs)
[2026-08-01 21:34:02.798] [app-8d64] [[0;36mDBUG[0m] [[1;34mCORE[0m]    File fonts\cwr_body.ttf not in bank
[2026-08-01 21:34:02.801] [app-8d64] [[0;36mDBUG[0m] [[1;34mCORE[0m]    LOAD: CreateCenters 0ms
[2026-08-01 21:34:02.846] [app-8d64] [[0;36mDBUG[0m] [[1;34mCORE[0m]      -> Checking base directory: ''
[2026-08-01 21:34:02.846] [app-8d64] [[0;36mDBUG[0m] [[1;34mCORE[0m]      -> Checking base directory: ''
[2026-08-01 21:34:02.848] [app-8d64] [[0;36mDBUG[0m] [[1;32mGRAPHICS[0m]  PERF: ShapeBank::New data3d\m16_proxy.p3d took 7.56ms (7 LODs)
[2026-08-01 21:34:02.853] [app-8d64] [[0;36mDBUG[0m] [[1;32mGRAPHICS[0m]  PERF: ShapeBank::New data3d\law_proxy.p3d took 4.02ms (7 LODs)
[2026-08-01 21:34:02.856] [app-8d64] [[0;36mDBUG[0m] [[1;32mGRAPHICS[0m]  PERF: ShapeBank::New data3d\flag_vojak.p3d took 2.57ms (2 LODs)
[2026-08-01 21:34:02.860] [app-8d64] [[0;36mDBUG[0m] [[1;32mGRAPHICS[0m]  PERF: ShapeBank::New data3d\dalekohled_proxy.p3d took 3.39ms (5 LODs)
[2026-08-01 21:34:02.861] [app-8d64] [[0;36mDBUG[0m] [[1;32mGRAPHICS[0m]  PERF: ShapeBank::New data3d\nvg_proxy.p3d took 1.54ms (4 LODs)
[2026-08-01 21:34:02.864] [app-8d64] [[0;36mDBUG[0m] [[1;32mGRAPHICS[0m]  PERF: ShapeBank::New data3d\mc vojake2.p3d took 62.52ms (11 LODs)
[2026-08-01 21:34:03.152] [app-8d64] [[0;36mDBUG[0m] [[1;32mGRAPHICS[0m]  PERF: ShapeBank::New data3d\nabojnice.p3d took 1.12ms (4 LODs)
[2026-08-01 21:34:03.154] [app-8d64] [[0;36mDBUG[0m] [[1;32mGRAPHICS[0m]  PERF: ShapeBank::New data3d\handgrenade.p3d took 1.61ms (2 LODs)
[2026-08-01 21:34:03.162] [app-8d64] [[0;36mDBUG[0m] [[1;34mCORE[0m]      -> Checking base directory: ''
[2026-08-01 21:34:03.163] [app-8d64] [[0;36mDBUG[0m] [[1;34mCORE[0m]      -> Checking base directory: ''
[2026-08-01 21:34:03.165] [app-8d64] [[0;36mDBUG[0m] [[1;32mGRAPHICS[0m]  PERF: ShapeBank::New data3d\ak_74_proxy.p3d took 10.60ms (7 LODs)
[2026-08-01 21:34:03.167] [app-8d64] [[0;36mDBUG[0m] [[1;34mCORE[0m]      -> Checking base directory: ''
[2026-08-01 21:34:03.212] [app-8d64] [[0;36mDBUG[0m] [[1;32mGRAPHICS[0m]  PERF: ShapeBank::New data3d\mc vojakw2.p3d took 39.72ms (11 LODs)
[2026-08-01 21:34:03.416] [app-8d64] [[0;36mDBUG[0m] [[0;32mWORLD[0m]   Camera switched to WEST Alpha Black:1 (mail)
[2026-08-01 21:34:03.427] [app-8d64] [[0;36mDBUG[0m] [[1;32mGRAPHICS[0m]  PERF: ShapeBank::New data3d\m113t.p3d took 10.75ms (8 LODs)
[2026-08-01 21:34:03.448] [app-8d64] [[0;36mDBUG[0m] [[1;32mGRAPHICS[0m]  PERF: ShapeBank::New data3d\jeept_tanker.p3d took 14.23ms (8 LODs)
[2026-08-01 21:34:03.468] [app-8d64] [[0;36mDBUG[0m] [[1;32mGRAPHICS[0m]  PERF: ShapeBank::New data3d\jeept.p3d took 14.12ms (8 LODs)
[2026-08-01 21:34:03.473] [app-8d64] [[0;36mDBUG[0m] [[1;32mGRAPHICS[0m]  PERF: ShapeBank::New data3d\hrobecek_krizekhelma.p3d took 2.34ms (5 LODs)
[2026-08-01 21:34:03.477] [app-8d64] [[0;36mDBUG[0m] [[1;32mGRAPHICS[0m]  PERF: ShapeBank::New data3d\hrobecek_krizek2.p3d took 1.04ms (4 LODs)
[2026-08-01 21:34:03.479] [app-8d64] [[0;36mDBUG[0m] [[1;32mGRAPHICS[0m]  PERF: ShapeBank::New data3d\hrobecek_krizek1.p3d took 1.57ms (5 LODs)
[2026-08-01 21:34:03.501] [app-8d64] [[0;36mDBUG[0m] [[1;32mGRAPHICS[0m]  PERF: ShapeBank::New data3d\uralt.p3d took 21.31ms (8 LODs)
[2026-08-01 21:34:03.520] [app-8d64] [[0;36mDBUG[0m] [[1;34mCORE[0m]    LOAD: TextBank Preload 0ms
[2026-08-01 21:34:03.520] [app-8d64] [[0;36mDBUG[0m] [[1;32mGRAPHICS[0m]  ShapeBank::OptimizeAll
[2026-08-01 21:34:03.529] [app-8d64] [[0;36mDBUG[0m] [[1;34mCORE[0m]    LOAD: Shapes.OptimizeAll 15ms
[2026-08-01 21:34:03.529] [app-8d64] [[0;36mDBUG[0m] [[1;34mCORE[0m]    LOAD: Terrain FillCache start pos=(9871.385,21.617138,3365.9182)
[2026-08-01 21:34:03.529] [app-8d64] [[0;36mDBUG[0m] [[1;34mCORE[0m]    LOAD: Terrain FillCache+NearVBs 0ms
[2026-08-01 21:34:03.529] [app-8d64] [[0;36mDBUG[0m] [[1;34mCORE[0m]    LOAD: InitVehicles total 765ms
[2026-08-01 21:34:03.529] [app-8d64] [[0;36mDBUG[0m] [[1;34mCORE[0m]    SetTitleEffect %p
[2026-08-01 21:34:03.529] [app-8d64] [[0;36mDBUG[0m] [[1;34mCORE[0m]    SetCutEffect %p
[2026-08-01 21:34:03.530] [app-8d64] [[0;32mINFO[0m] [[1;34mCORE[0m]    Auto-screenshot: 1 captures scheduled
[2026-08-01 21:34:03.597] [app-8d64] [[0;36mDBUG[0m] [[1;33mSCRIPT[0m]  camCreate: created 'camera' at (9578.6, 31.5, 3540.3)
[2026-08-01 21:34:03.600] [app-8d64] [[0;36mDBUG[0m] [[1;36mAUDIO[0m]   WaveOAL::KickAsyncLoad sync-fallback: sound\ui\ui_over.wss (1856 bytes, pool=live)
[2026-08-01 21:34:03.600] [app-8d64] [[0;36mDBUG[0m] [[1;36mAUDIO[0m]   Loaded: sound\ui\ui_over.wss (22050Hz 1ch 0.04208617s)
[2026-08-01 21:34:03.600] [app-8d64] [[0;36mDBUG[0m] [[1;36mAUDIO[0m]   Play: sound\ui\ui_over.wss (vol=0.2 adj=1 once)
[2026-08-01 21:34:03.600] [app-8d64] [[0;36mDBUG[0m] [[1;36mAUDIO[0m]   WaveOAL::KickAsyncLoad sync-fallback: sound\animals\crickets07.wss (180440 bytes, pool=live)
[2026-08-01 21:34:03.602] [app-8d64] [[0;36mDBUG[0m] [[1;36mAUDIO[0m]   Loaded: sound\animals\crickets07.wss (22050Hz 1ch 4.09161s)
[2026-08-01 21:34:03.602] [app-8d64] [[0;36mDBUG[0m] [[1;36mAUDIO[0m]   Play: sound\animals\crickets07.wss (vol=0.0032159737 adj=1 loop)
[2026-08-01 21:34:11.727] [app-8d64] [[0;32mINFO[0m] [[1;32mGRAPHICS[0m]  Wgpu grass: no named grass textures on this legacy world; enabling all 138 terrain layers
[2026-08-01 21:34:11.740] [app-8d64] [[0;32mINFO[0m] [[1;32mGRAPHICS[0m]  Wgpu grass texture mask: 138 layer(s), 65536 / 65536 surface cells, 950 renderable after geography, 950 with forest relaxed (road/water/building always excluded) [data\more_anim.01.pac, landtext\s3.paa, landtext\sh.paa, landtext\p4.paa, landtext\pi.paa, landtext\tt.paa, landtext\bt.paa, landtext\tv.paa, landtext\pipipish.paa, landtext\pishpish.paa, landtext\pishpitt.paa, landtext\pittpish.paa, landtext\pishpipi.paa, landtext\pipishsh.paa, landtext\shshttsh.paa, landtext\ttshshsh.paa, landtext\shshpipi.paa, landtext\pipishpi.paa, landtext\shpishsh.paa, landtext\shshshpi.paa, landtext\shpipipi.paa, landtext\shpishpi.paa, landtext\pishshsh.paa, landtext\shshpish.paa, landtext\pishshpi.paa, landtext\pittpitt.paa, landtext\pittpipi.paa, landtext\shpitttt.paa, landtext\ttttpitt.paa, landtext\pipipitt.paa, landtext\pittshtt.paa, landtext\shttshtt.paa, landtext\shttshsh.paa, landtext\shshpitt.paa, landtext\shpipish.paa, landtext\pipitttt.paa, landtext\pitttttt.paa, landtext\ttttttsh.paa, landtext\ttshtttt.paa, landtext\ttttshtt.paa, landtext\shtttttt.paa, landtext\ttttpipi.paa, landtext\pipishtt.paa, landtext\shttshpi.paa, landtext\shpipitt.paa, landtext\ttshttsh.paa, landtext\ttttshsh.paa, landtext\ttttttp4.paa, landtext\ttp4tttt.paa, landtext\ttp4p4p4.paa, landtext\p4p4tttt.paa, landtext\tttttttv.paa, landtext\tttvtttv.paa, landtext\tttvtttt.paa, landtext\ttttttpi.paa, landtext\ttpipipi.paa, landtext\ttttp4p4.paa, landtext\p4p4p4tt.paa, landtext\p4tttttt.paa, landtext\tttttvtt.paa, landtext\tvtttvtv.paa, landtext\tvtvtttv.paa, landtext\ttttttbt.paa, landtext\ttbtttbt.paa, landtext\ttbttttt.paa, landtext\tttvtvtv.paa, landtext\tvtvtttt.paa, landtext\p4p4ttp4.paa, landtext\tvtttvtt.paa, landtext\ttttbttt.paa, landtext\btttbttt.paa, landtext\btttbtbt.paa, landtext\btbtttbt.paa, landtext\tvtvtvtt.paa, landtext\tvtttttt.paa, landtext\ttttp4tt.paa, landtext\p4ttp4tt.paa, landtext\ttbtbtbt.paa, landtext\btbttttt.paa, landtext\tttttvtv.paa, landtext\ttpittpi.paa, landtext\ttpitttt.paa, landtext\bttttttt.paa, landtext\pipittpi.paa, landtext\ttpittbt.paa, landtext\ttbtpipi.paa, landtext\pipibtbt.paa, landtext\btbtpipi.paa, landtext\pipipibt.paa, landtext\pibtpipi.paa, landtext\ttpipibt.paa, landtext\pibtbtpi.paa, landtext\btpipipi.paa, landtext\pipibtpi.paa, landtext\ttttbtbt.paa, landtext\pibtpibt.paa, landtext\btpibtpi.paa, landtext\tttvshtt.paa, landtext\shttpipi.paa, landtext\shshtttt.paa, landtext\shshshtt.paa, landtext\tttttts3.paa, landtext\tts3tttt.paa, landtext\tttts3tt.paa, landtext\s3tttts3.paa, landtext\tts3s3s3.paa, landtext\s3s3tttt.paa, landtext\s3tts3tt.paa, landtext\s3tttttt.paa, landtext\tttvpitt.paa, landtext\pittttpi.paa, landtext\tts3tts3.paa, landtext\tttts3s3.paa, landtext\pb.paa, landtext\pbpbtttt.paa, landtext\ttpbtttt.paa, landtext\ttpbttpb.paa, landtext\tvtvttpb.paa, landtext\tvttpbpb.paa, landtext\pbpbttpb.paa, landtext\ttttpbpb.paa, landtext\pbpbtttv.paa, landtext\pbtvpbpb.paa, landtext\ttttpbtv.paa, landtext\pbtvtvtv.paa, landtext\pbtvpbtv.paa, landtext\tvttpbtv.paa, landtext\tvttttpb.paa, landtext\ttttttpb.paa, landtext\pbttpbpb.paa, landtext\ttttpbtt.paa, landtext\pbttpbtv.paa, landtext\tttvtvtt.paa, landtext\pbtttvtv.paa, landtext\pbttpbtt.paa, landtext\pbtttvtt.paa, landtext\pbtttttt.paa, landtext\pbpbpbtt.paa]
[2026-08-01 21:34:11.740] [app-8d64] [[0;32mINFO[0m] [[1;32mGRAPHICS[0m]  Wgpu terrain texture layers: [0:data\more_anim.01.pac, 1:landtext\s3.paa, 2:landtext\sh.paa, 3:landtext\p4.paa, 4:landtext\pi.paa, 5:landtext\tt.paa, 6:landtext\bt.paa, 7:landtext\tv.paa, 8:landtext\pipipish.paa, 9:landtext\pishpish.paa, 10:landtext\pishpitt.paa, 11:landtext\pittpish.paa, 12:landtext\pishpipi.paa, 13:landtext\pipishsh.paa, 14:landtext\shshttsh.paa, 15:landtext\ttshshsh.paa, 16:landtext\shshpipi.paa, 17:landtext\pipishpi.paa, 18:landtext\shpishsh.paa, 19:landtext\shshshpi.paa, 20:landtext\shpipipi.paa, 21:landtext\shpishpi.paa, 22:landtext\pishshsh.paa, 23:landtext\shshpish.paa, 24:landtext\pishshpi.paa, 25:landtext\pittpitt.paa, 26:landtext\pittpipi.paa, 27:landtext\shpitttt.paa, 28:landtext\ttttpitt.paa, 29:landtext\pipipitt.paa, 30:landtext\pittshtt.paa, 31:landtext\shttshtt.paa, 32:landtext\shttshsh.paa, 33:landtext\shshpitt.paa, 34:landtext\shpipish.paa, 35:landtext\pipitttt.paa, 36:landtext\pitttttt.paa, 37:landtext\ttttttsh.paa, 38:landtext\ttshtttt.paa, 39:landtext\ttttshtt.paa, 40:landtext\shtttttt.paa, 41:landtext\ttttpipi.paa, 42:landtext\pipishtt.paa, 43:landtext\shttshpi.paa, 44:landtext\shpipitt.paa, 45:landtext\ttshttsh.paa, 46:landtext\ttttshsh.paa, 47:landtext\ttttttp4.paa, 48:landtext\ttp4tttt.paa, 49:landtext\ttp4p4p4.paa, 50:landtext\p4p4tttt.paa, 51:landtext\tttttttv.paa, 52:landtext\tttvtttv.paa, 53:landtext\tttvtttt.paa, 54:landtext\ttttttpi.paa, 55:landtext\ttpipipi.paa, 56:landtext\ttttp4p4.paa, 57:landtext\p4p4p4tt.paa, 58:landtext\p4tttttt.paa, 59:landtext\tttttvtt.paa, 60:landtext\tvtttvtv.paa, 61:landtext\tvtvtttv.paa, 62:landtext\ttttttbt.paa, 63:landtext\ttbtttbt.paa, 64:landtext\ttbttttt.paa, 65:landtext\tttvtvtv.paa, 66:landtext\tvtvtttt.paa, 67:landtext\p4p4ttp4.paa, 68:landtext\tvtttvtt.paa, 69:landtext\ttttbttt.paa, 70:landtext\btttbttt.paa, 71:landtext\btttbtbt.paa, 72:landtext\btbtttbt.paa, 73:landtext\tvtvtvtt.paa, 74:landtext\tvtttttt.paa, 75:landtext\ttttp4tt.paa, 76:landtext\p4ttp4tt.paa, 77:landtext\ttbtbtbt.paa, 78:landtext\btbttttt.paa, 79:landtext\tttttvtv.paa, 80:landtext\ttpittpi.paa, 81:landtext\ttpitttt.paa, 82:landtext\bttttttt.paa, 83:landtext\pipittpi.paa, 84:landtext\ttpittbt.paa, 85:landtext\ttbtpipi.paa, 86:landtext\pipibtbt.paa, 87:landtext\btbtpipi.paa, 88:landtext\pipipibt.paa, 89:landtext\pibtpipi.paa, 90:landtext\ttpipibt.paa, 91:landtext\pibtbtpi.paa, 92:landtext\btpipipi.paa, 93:landtext\pipibtpi.paa, 94:landtext\ttttbtbt.paa, 95:landtext\pibtpibt.paa, 96:landtext\btpibtpi.paa, 97:landtext\tttvshtt.paa, 98:landtext\shttpipi.paa, 99:landtext\shshtttt.paa, 100:landtext\shshshtt.paa, 101:landtext\tttttts3.paa, 102:landtext\tts3tttt.paa, 103:landtext\tttts3tt.paa, 104:landtext\s3tttts3.paa, 105:landtext\tts3s3s3.paa, 106:landtext\s3s3tttt.paa, 107:landtext\s3tts3tt.paa, 108:landtext\s3tttttt.paa, 109:landtext\tttvpitt.paa, 110:landtext\pittttpi.paa, 111:landtext\tts3tts3.paa, 112:landtext\tttts3s3.paa, 113:landtext\pb.paa, 114:landtext\pbpbtttt.paa, 115:landtext\ttpbtttt.paa, 116:landtext\ttpbttpb.paa, 117:landtext\tvtvttpb.paa, 118:landtext\tvttpbpb.paa, 119:landtext\pbpbttpb.paa, 120:landtext\ttttpbpb.paa, 121:landtext\pbpbtttv.paa, 122:landtext\pbtvpbpb.paa, 123:landtext\ttttpbtv.paa, 124:landtext\pbtvtvtv.paa, 125:landtext\pbtvpbtv.paa, 126:landtext\tvttpbtv.paa, 127:landtext\tvttttpb.paa, 128:landtext\ttttttpb.paa, 129:landtext\pbttpbpb.paa, 130:landtext\ttttpbtt.paa, 131:landtext\pbttpbtv.paa, 132:landtext\tttvtvtt.paa, 133:landtext\pbtttvtv.paa, 134:landtext\pbttpbtt.paa, 135:landtext\pbtttvtt.paa, 136:landtext\pbtttttt.paa, 137:landtext\pbpbpbtt.paa]
[2026-08-01 21:34:12.030] [app-8d64] [[0;32mINFO[0m] [[1;32mGRAPHICS[0m]  Wgpu grass: mid-LOD clump texture uploaded (1024x1024, 4 src channels) from 'assets/grass/meadow-grass-clump-alpha-1024.png'
[2026-08-01 21:34:12.052] [app-8d64] [[0;32mINFO[0m] [[1;32mGRAPHICS[0m]  Wgpu grass: near-LOD photo blade atlas uploaded (8 layers, 64x256)
[2026-08-01 21:34:12.054] [app-8d64] [[0;36mDBUG[0m] [[1;34mCORE[0m]    ParamFile error: No entry '.CfgDetailTextures'
[2026-08-01 21:34:12.055] [app-8d64] [[0;36mDBUG[0m] [[1;34mCORE[0m]    ParamFile error: No entry '.detail'
[2026-08-01 21:34:12.055] [app-8d64] [[0;36mDBUG[0m] [[1;34mCORE[0m]    ParamFile error: '/' is not a value
[2026-08-01 21:34:14.688] [app-8d64] [[0;32mINFO[0m] [[1;32mGRAPHICS[0m]  Water geometry quality applied: preset=2 baseMult=8.00 range0=1600m
[2026-08-01 21:34:14.734] [app-8d64] [[0;32mINFO[0m] [[1;32mGRAPHICS[0m]  Water look applied: amplitude=1.000, choppiness=1.000, speed=1.000, preset=1, FFT=512x512
[2026-08-01 21:34:14.736] [app-8d64] [[0;32mINFO[0m] [[1;32mGRAPHICS[0m]  Water CDLOD config: leafSize=200.0m levels=9 baseMult=8.0 ratio=2.00 range0=1600m
[2026-08-01 21:34:14.736] [app-8d64] [[0;32mINFO[0m] [[1;32mGRAPHICS[0m]  Water GPU ms: evolve=0.564 fftH=1.579 fftV=1.381 compose=1.532 draw=-1.000 foam=0.535 interaction=0.051 planar=0.000 total=5.897
[2026-08-01 21:34:14.736] [app-8d64] [[0;32mINFO[0m] [[1;32mGRAPHICS[0m]  Water CDLOD nodes: total=227 lod0=76 lod1=74 lod2=64 lod3=12 lod4=1 lod5+=0 tris=4184064
[2026-08-01 21:34:15.036] [app-8d64] [[0;36mDBUG[0m] [[1;32mGRAPHICS[0m]  SDLEventWindow: window minimized; renderer will skip occluded frames
[2026-08-01 21:34:15.081] [app-8d64] [[1;33mWARN[0m] [[1;32mGRAPHICS[0m]  wgpu: wgpu surface outdated; reconfiguring and skipping frame
[2026-08-01 21:34:15.606] [app-8d64] [[0;36mDBUG[0m] [[1;32mGRAPHICS[0m]  SDLEventWindow: window restored; renderer may resume presentation
[2026-08-01 21:34:15.666] [app-8d64] [[0;36mDBUG[0m] [[1;32mGRAPHICS[0m]  SDLEventWindow: window minimized; renderer will skip occluded frames
[2026-08-01 21:34:16.261] [app-8d64] [[0;36mDBUG[0m] [[1;32mGRAPHICS[0m]  SDLEventWindow: window restored; renderer may resume presentation
[2026-08-01 21:34:16.268] [app-8d64] [[1;33mWARN[0m] [[1;32mGRAPHICS[0m]  wgpu: wgpu surface outdated; reconfiguring and skipping frame
[2026-08-01 21:34:16.329] [app-8d64] [[0;36mDBUG[0m] [[1;32mGRAPHICS[0m]  SDLEventWindow: window minimized; renderer will skip occluded frames
[2026-08-01 21:34:16.925] [app-8d64] [[0;36mDBUG[0m] [[1;32mGRAPHICS[0m]  SDLEventWindow: window restored; renderer may resume presentation
[2026-08-01 21:34:16.928] [app-8d64] [[0;32mINFO[0m] [[1;32mGRAPHICS[0m]  Water GPU ms: evolve=0.110 fftH=0.221 fftV=0.213 compose=0.120 draw=3.871 foam=0.189 interaction=0.011 planar=0.389 total=5.850
[2026-08-01 21:34:18.954] [app-8d64] [[0;32mINFO[0m] [[1;32mGRAPHICS[0m]  Water GPU ms: evolve=0.110 fftH=0.220 fftV=0.212 compose=0.114 draw=3.876 foam=0.186 interaction=0.010 planar=0.373 total=5.827
[2026-08-01 21:34:20.978] [app-8d64] [[0;32mINFO[0m] [[1;32mGRAPHICS[0m]  Water GPU ms: evolve=0.111 fftH=0.229 fftV=0.218 compose=0.114 draw=3.997 foam=0.207 interaction=0.012 planar=0.406 total=6.019
[2026-08-01 21:34:20.978] [app-8d64] [[0;32mINFO[0m] [[1;32mGRAPHICS[0m]  Water CDLOD nodes: total=226 lod0=75 lod1=74 lod2=64 lod3=12 lod4=1 lod5+=0 tris=4165632
[2026-08-01 21:34:22.989] [app-8d64] [[0;32mINFO[0m] [[1;32mGRAPHICS[0m]  Water GPU ms: evolve=0.112 fftH=0.238 fftV=0.230 compose=0.115 draw=4.246 foam=0.225 interaction=0.012 planar=0.445 total=6.349
[2026-08-01 21:34:24.994] [app-8d64] [[0;32mINFO[0m] [[1;32mGRAPHICS[0m]  Water GPU ms: evolve=0.111 fftH=0.242 fftV=0.231 compose=0.115 draw=4.285 foam=0.230 interaction=0.011 planar=0.445 total=6.397
[2026-08-01 21:34:24.994] [app-8d64] [[0;32mINFO[0m] [[1;32mGRAPHICS[0m]  Water CDLOD nodes: total=225 lod0=74 lod1=74 lod2=64 lod3=12 lod4=1 lod5+=0 tris=4147200
[2026-08-01 21:34:27.025] [app-8d64] [[0;32mINFO[0m] [[1;32mGRAPHICS[0m]  Water GPU ms: evolve=0.115 fftH=0.239 fftV=0.230 compose=0.114 draw=4.284 foam=0.225 interaction=0.012 planar=0.443 total=6.389
[2026-08-01 21:34:27.025] [app-8d64] [[0;32mINFO[0m] [[1;32mGRAPHICS[0m]  Water CDLOD nodes: total=224 lod0=74 lod1=73 lod2=64 lod3=12 lod4=1 lod5+=0 tris=4128768
[2026-08-01 21:34:29.032] [app-8d64] [[0;32mINFO[0m] [[1;32mGRAPHICS[0m]  Water GPU ms: evolve=0.112 fftH=0.236 fftV=0.226 compose=0.114 draw=4.192 foam=0.217 interaction=0.012 planar=0.430 total=6.265
[2026-08-01 21:34:31.037] [app-8d64] [[0;32mINFO[0m] [[1;32mGRAPHICS[0m]  Water GPU ms: evolve=0.111 fftH=0.238 fftV=0.222 compose=0.114 draw=2.330 foam=0.209 interaction=0.011 planar=0.358 total=4.318
[2026-08-01 21:34:31.038] [app-8d64] [[0;32mINFO[0m] [[1;32mGRAPHICS[0m]  Water CDLOD nodes: total=153 lod0=60 lod1=57 lod2=36 lod3=0 lod4=0 lod5+=0 tris=2820096
[2026-08-01 21:34:33.071] [app-8d64] [[0;32mINFO[0m] [[1;32mGRAPHICS[0m]  Water GPU ms: evolve=0.153 fftH=0.285 fftV=0.274 compose=0.157 draw=2.738 foam=0.257 interaction=0.013 planar=0.437 total=5.040
[2026-08-01 21:34:33.071] [app-8d64] [[0;32mINFO[0m] [[1;32mGRAPHICS[0m]  Water CDLOD nodes: total=157 lod0=58 lod1=60 lod2=37 lod3=2 lod4=0 lod5+=0 tris=2893824
[2026-08-01 21:34:35.096] [app-8d64] [[0;32mINFO[0m] [[1;32mGRAPHICS[0m]  Water GPU ms: evolve=0.153 fftH=0.287 fftV=0.278 compose=0.157 draw=1.860 foam=0.263 interaction=0.013 planar=0.856 total=4.592
[2026-08-01 21:34:35.096] [app-8d64] [[0;32mINFO[0m] [[1;32mGRAPHICS[0m]  Water CDLOD nodes: total=154 lod0=55 lod1=62 lod2=35 lod3=2 lod4=0 lod5+=0 tris=2838528
[2026-08-01 21:34:37.112] [app-8d64] [[0;32mINFO[0m] [[1;32mGRAPHICS[0m]  Water GPU ms: evolve=0.152 fftH=0.285 fftV=0.272 compose=0.157 draw=1.195 foam=0.255 interaction=0.013 planar=0.752 total=3.806
[2026-08-01 21:34:37.112] [app-8d64] [[0;32mINFO[0m] [[1;32mGRAPHICS[0m]  Water CDLOD nodes: total=146 lod0=52 lod1=59 lod2=34 lod3=1 lod4=0 lod5+=0 tris=2691072
[2026-08-01 21:34:39.139] [app-8d64] [[0;32mINFO[0m] [[1;32mGRAPHICS[0m]  Water GPU ms: evolve=0.153 fftH=0.303 fftV=0.294 compose=0.158 draw=1.397 foam=0.294 interaction=0.014 planar=1.029 total=4.367
[2026-08-01 21:34:39.140] [app-8d64] [[0;32mINFO[0m] [[1;32mGRAPHICS[0m]  Water CDLOD nodes: total=150 lod0=58 lod1=57 lod2=33 lod3=2 lod4=0 lod5+=0 tris=2764800
[2026-08-01 21:34:41.157] [app-8d64] [[0;32mINFO[0m] [[1;32mGRAPHICS[0m]  Water GPU ms: evolve=0.152 fftH=0.309 fftV=0.302 compose=0.158 draw=1.385 foam=0.306 interaction=0.022 planar=0.513 total=3.873
[2026-08-01 21:34:41.157] [app-8d64] [[0;32mINFO[0m] [[1;32mGRAPHICS[0m]  Water CDLOD nodes: total=142 lod0=66 lod1=42 lod2=33 lod3=1 lod4=0 lod5+=0 tris=2617344
[2026-08-01 21:34:43.160] [app-8d64] [[0;32mINFO[0m] [[1;32mGRAPHICS[0m]  Water GPU ms: evolve=0.158 fftH=0.288 fftV=0.283 compose=0.157 draw=1.280 foam=0.267 interaction=0.013 planar=0.460 total=3.631
[2026-08-01 21:34:43.160] [app-8d64] [[0;32mINFO[0m] [[1;32mGRAPHICS[0m]  Water CDLOD nodes: total=144 lod0=65 lod1=44 lod2=33 lod3=2 lod4=0 lod5+=0 tris=2654208
[2026-08-01 21:34:45.194] [app-8d64] [[0;32mINFO[0m] [[1;32mGRAPHICS[0m]  Water GPU ms: evolve=0.152 fftH=0.291 fftV=0.283 compose=0.158 draw=1.270 foam=0.268 interaction=0.020 planar=0.460 total=3.627
[2026-08-01 21:34:45.194] [app-8d64] [[0;32mINFO[0m] [[1;32mGRAPHICS[0m]  Water CDLOD nodes: total=147 lod0=68 lod1=46 lod2=31 lod3=2 lod4=0 lod5+=0 tris=2709504
[2026-08-01 21:34:47.198] [app-8d64] [[0;32mINFO[0m] [[1;32mGRAPHICS[0m]  Water GPU ms: evolve=0.152 fftH=0.288 fftV=0.283 compose=0.156 draw=1.233 foam=0.273 interaction=0.013 planar=0.471 total=3.594
[2026-08-01 21:34:47.198] [app-8d64] [[0;32mINFO[0m] [[1;32mGRAPHICS[0m]  Water CDLOD nodes: total=149 lod0=67 lod1=46 lod2=35 lod3=1 lod4=0 lod5+=0 tris=2746368
[2026-08-01 21:34:49.226] [app-8d64] [[0;32mINFO[0m] [[1;32mGRAPHICS[0m]  Water GPU ms: evolve=0.152 fftH=0.294 fftV=0.285 compose=0.157 draw=1.608 foam=0.273 interaction=0.014 planar=0.455 total=3.963
[2026-08-01 21:34:49.226] [app-8d64] [[0;32mINFO[0m] [[1;32mGRAPHICS[0m]  Water CDLOD nodes: total=155 lod0=70 lod1=49 lod2=34 lod3=2 lod4=0 lod5+=0 tris=2856960
[2026-08-01 21:34:49.665] [app-8d64] [[0;32mINFO[0m] [[1;32mGRAPHICS[0m]  wgpu: wgpu screenshot readback completed
[2026-08-01 21:34:49.963] [app-8d64] [[0;32mINFO[0m] [[1;34mCORE[0m]    Auto-screenshot saved: frame=900 t=46.0s -> C:\Users\mail\OneDrive\Documents\GitHub\CWR-CE-paavohuhtalafork-\docs\roadmap\evidence\preview0-wgpu-lifecycle-repeat-2-20260801-normal-loop-minimize-restore.png
[2026-08-01 21:34:49.964] [app-8d64] [[0;32mINFO[0m] [[1;34mCORE[0m]    Shutdown: begin (exit code 0)
[2026-08-01 21:34:49.964] [app-8d64] [[0;32mINFO[0m] [[1;34mCORE[0m]    Shutdown: DDTerm
[2026-08-01 21:34:50.003] [app-8d64] [[0;36mDBUG[0m] [[1;34mCORE[0m]    World destruct
[2026-08-01 21:34:50.004] [app-8d64] [[0;36mDBUG[0m] [[1;34mCORE[0m]    CleanUp world
[2026-08-01 21:34:50.005] [app-8d64] [[0;36mDBUG[0m] [[1;34mCORE[0m]    ParamFile error: No entry '.CfgLandscapeSky'
[2026-08-01 21:34:50.005] [app-8d64] [[0;36mDBUG[0m] [[1;34mCORE[0m]    ParamFile error: No entry '.sky'
[2026-08-01 21:34:50.005] [app-8d64] [[0;36mDBUG[0m] [[1;34mCORE[0m]    ParamFile error: No entry '.model'
[2026-08-01 21:34:50.005] [app-8d64] [[0;36mDBUG[0m] [[1;34mCORE[0m]    ParamFile error: '/' is not a value
[2026-08-01 21:34:50.005] [app-8d64] [[0;36mDBUG[0m] [[1;34mCORE[0m]    ParamFile error: No entry '.stars'
[2026-08-01 21:34:50.005] [app-8d64] [[0;36mDBUG[0m] [[1;34mCORE[0m]    ParamFile error: No entry '.model'
[2026-08-01 21:34:50.005] [app-8d64] [[0;36mDBUG[0m] [[1;34mCORE[0m]    ParamFile error: '/' is not a value
[2026-08-01 21:34:50.005] [app-8d64] [[0;36mDBUG[0m] [[1;34mCORE[0m]    ParamFile error: No entry '.horizont'
[2026-08-01 21:34:50.005] [app-8d64] [[0;36mDBUG[0m] [[1;34mCORE[0m]    ParamFile error: No entry '.model'
[2026-08-01 21:34:50.006] [app-8d64] [[0;36mDBUG[0m] [[1;34mCORE[0m]    ParamFile error: '/' is not a value
[2026-08-01 21:34:50.006] [app-8d64] [[0;36mDBUG[0m] [[1;34mCORE[0m]    ParamFile error: No entry '.sunHalo'
[2026-08-01 21:34:50.006] [app-8d64] [[0;36mDBUG[0m] [[1;34mCORE[0m]    ParamFile error: No entry '.model'
[2026-08-01 21:34:50.006] [app-8d64] [[0;36mDBUG[0m] [[1;34mCORE[0m]    ParamFile error: '/' is not a value
[2026-08-01 21:34:50.006] [app-8d64] [[0;36mDBUG[0m] [[1;34mCORE[0m]    ParamFile error: No entry '.sun'
[2026-08-01 21:34:50.006] [app-8d64] [[0;36mDBUG[0m] [[1;34mCORE[0m]    ParamFile error: No entry '.model'
[2026-08-01 21:34:50.006] [app-8d64] [[0;36mDBUG[0m] [[1;34mCORE[0m]    ParamFile error: '/' is not a value
[2026-08-01 21:34:50.006] [app-8d64] [[0;36mDBUG[0m] [[1;34mCORE[0m]    ParamFile error: No entry '.moon'
[2026-08-01 21:34:50.006] [app-8d64] [[0;36mDBUG[0m] [[1;34mCORE[0m]    ParamFile error: No entry '.model'
[2026-08-01 21:34:50.006] [app-8d64] [[0;36mDBUG[0m] [[1;34mCORE[0m]    ParamFile error: '/' is not a value
[2026-08-01 21:34:50.007] [app-8d64] [[1;33mWARN[0m] [[0;32mWORLD[0m]   Landscape sky slot 'sky' has no model configured
[2026-08-01 21:34:50.007] [app-8d64] [[1;33mWARN[0m] [[0;32mWORLD[0m]   Landscape sky slot 'stars' has no model configured
[2026-08-01 21:34:50.007] [app-8d64] [[1;33mWARN[0m] [[0;32mWORLD[0m]   Landscape sky slot 'horizont' has no model configured
[2026-08-01 21:34:50.007] [app-8d64] [[1;33mWARN[0m] [[0;32mWORLD[0m]   Landscape sky slot 'sunHalo' has no model configured
[2026-08-01 21:34:50.007] [app-8d64] [[1;33mWARN[0m] [[0;32mWORLD[0m]   Landscape sky slot 'sun' has no model configured
[2026-08-01 21:34:50.007] [app-8d64] [[1;33mWARN[0m] [[0;32mWORLD[0m]   Landscape sky slot 'moon' has no model configured
[2026-08-01 21:34:50.023] [app-8d64] [[0;36mDBUG[0m] [[1;34mCORE[0m]    ParamFile::Parse() - Loading config file: C:\Users\mail\AppData\Roaming\CWR\Users\mail\UserInfo.cfg
[2026-08-01 21:34:50.026] [app-8d64] [[0;36mDBUG[0m] [[1;36mAUDIO[0m]   TerminatePreview
[2026-08-01 21:34:50.046] [app-8d64] [[0;32mINFO[0m] [[1;36mAUDIO[0m]   System shutdown
[2026-08-01 21:34:50.237] [app-8d64] [[0;32mINFO[0m] [[1;34mCORE[0m]    Shutdown complete
